Div,Date,Time,HomeTeam,AwayTeam,FTHG,FTAG,FTR,HTHG,HTAG,HTR,Referee,HS,AS,HST,AST,HF,AF,HC,AC,HY,AY,HR,AR,B365H,B365D,B365A,BWH,BWD,BWA,IWH,IWD,IWA,PSH,PSD,PSA,WHH,WHD,WHA,VCH,VCD,VCA,MaxH,MaxD,MaxA,AvgH,AvgD,AvgA,B365>2.5,B365<2.5,P>2.5,P<2.5,Max>2.5,Max<2.5,Avg>2.5,Avg<2.5,AHh,B365AHH,B365AHA,PAHH,PAHA,MaxAHH,MaxAHA,AvgAHH,AvgAHA,B365CH,B365CD,B365CA,BWCH,BWCD,BWCA,IWCH,IWCD,IWCA,PSCH,PSCD,PSCA,WHCH,WHCD,WHCA,VCCH,VCCD,VCCA,MaxCH,MaxCD,MaxCA,AvgCH,AvgCD,AvgCA,B365C>2.5,B365C<2.5,PC>2.5,PC<2.5,MaxC>2.5,MaxC<2.5,AvgC>2.5,AvgC<2.5,AHCh,B365CAHH,B365CAHA,PCAHH,PCAHA,MaxCAHH,MaxCAHA,AvgCAHH,AvgCAHA
B1,11/05/2024,17:15,Charleroi,Kortrijk,3,1,H,2,0,H,,12,9,8,4,11,8,5,5,0,1,0,0,2.25,3.4,3.1,2.2,3.5,3.2,,,,2.29,3.72,3,2,3.6,3.5,2.2,3.3,3,2.29,3.77,3.2,2.23,3.53,3.01,1.93,1.93,1.94,1.93,1.94,2,1.88,1.9,-0.25,1.98,1.88,2.01,1.88,2.01,1.9,1.93,1.85,2.3,3.75,2.8,2.3,3.7,2.85,,,,2.31,3.7,2.98,2,3.6,3.5,2.25,3.6,2.88,2.38,3.8,3.15,2.29,3.65,2.86,1.62,2.25,1.67,2.28,1.89,2.33,1.65,2.21,-0.25,2.03,1.83,2.02,1.87,2.12,1.99,2,1.82
B1,11/05/2024,17:15,Eupen,RWD Molenbeek,2,0,H,0,0,D,,12,18,4,7,11,13,2,7,0,1,0,0,3.3,3.8,1.95,3.4,3.7,2.05,,,,3.62,3.71,2.02,3.1,3.6,2.15,3.3,3.5,2,3.67,3.8,2.05,3.46,3.68,1.98,1.7,2.1,1.75,2.14,1.75,2.15,1.71,2.1,0.5,1.85,2,1.86,2.03,1.87,2.03,1.83,1.97,2.9,3.8,2.2,2.95,3.6,2.3,,,,3.07,3.66,2.28,3.1,3.6,2.15,3,3.5,2.2,3.12,3.89,2.3,2.95,3.59,2.25,1.7,2.1,1.75,2.14,1.82,2.17,1.72,2.11,0.25,1.88,1.98,1.89,1.99,1.95,2,1.87,1.94
B1,11/05/2024,19:45,Anderlecht,Genk,2,1,H,1,0,H,,17,19,4,3,5,14,4,3,1,2,0,0,1.95,3.5,3.6,2,3.6,3.5,,,,2.06,3.6,3.61,2.05,3.6,3.3,2,3.5,3.3,2.09,3.71,3.61,2.02,3.56,3.45,1.7,2.1,1.74,2.16,1.78,2.16,1.73,2.09,-0.5,2.03,1.83,2.07,1.83,2.08,1.83,2.02,1.79,2.05,3.6,3.3,2.05,3.7,3.3,,,,2.12,3.53,3.52,2.05,3.6,3.3,2,3.7,3.3,2.13,3.73,3.68,2.06,3.57,3.38,1.6,2.3,1.63,2.35,1.76,2.38,1.61,2.29,-0.5,2.05,1.75,2.12,1.78,2.12,1.91,2.05,1.78
B1,12/05/2024,12:30,Gent,Oud-Heverlee Leuven,0,1,A,0,1,A,,12,8,2,4,10,12,10,1,2,3,0,0,1.4,5,6.5,1.41,5.25,6.5,,,,1.4,5.38,6.88,1.36,5.5,7,1.36,5,6.5,1.41,5.4,7,1.39,5.13,6.61,1.36,3.1,1.37,3.08,1.39,3.1,1.36,3.04,-1.5,2.03,1.83,2.06,1.84,2.12,1.84,2.01,1.79,1.4,5,6.5,1.4,5.25,6.75,,,,1.39,5.32,7.16,1.36,5.5,7,1.36,5.25,7,1.41,5.7,7.3,1.38,5.2,6.77,1.4,2.88,1.4,3.04,1.4,3.35,1.36,3.06,-1.5,2.03,1.8,2.05,1.85,2.06,1.9,1.99,1.83
B1,12/05/2024,15:00,St Truiden,Mechelen,2,1,H,2,1,H,,11,7,5,3,9,12,2,1,1,0,0,0,2.3,3.5,2.88,2.4,3.7,2.7,,,,2.34,3.69,2.84,2.38,3.7,2.62,2.25,3.6,2.7,2.4,3.77,2.89,2.32,3.62,2.78,1.6,2.3,1.6,2.38,1.64,2.4,1.58,2.32,-0.25,2.05,1.8,2.05,1.81,2.16,1.81,2.02,1.77,2.2,3.6,3,2.2,3.7,2.95,,,,2.28,3.55,3.14,2.38,3.7,2.62,2.15,3.8,2.9,2.38,3.84,3.14,2.22,3.66,2.96,1.53,2.4,1.55,2.54,1.56,2.66,1.5,2.54,-0.25,1.95,1.9,1.98,1.91,2,1.93,1.93,1.87
B1,12/05/2024,17:30,Antwerp,Cercle Brugge,1,2,A,0,2,A,,16,13,4,5,9,13,6,2,1,2,0,0,2.25,3.5,3,2.25,3.6,3,,,,2.27,3.58,3.02,2.2,3.6,3,2.2,3.5,2.88,2.3,3.67,3.08,2.24,3.52,2.97,1.73,2.08,1.74,2.12,1.74,2.17,1.71,2.1,-0.25,2,1.85,1.98,1.87,2.04,1.89,1.94,1.83,2.4,3.6,2.75,2.4,3.7,2.7,,,,2.45,3.67,2.8,2.2,3.6,3,2.38,3.6,2.7,2.48,3.75,2.88,2.38,3.62,2.74,1.57,2.35,1.61,2.41,1.61,2.41,1.57,2.35,0,1.8,2.05,1.82,2.08,1.85,2.12,1.8,2.04
B1,13/05/2024,19:30,Club Brugge,St. Gilloise,2,2,D,0,0,D,,24,17,4,6,7,14,8,3,1,2,0,0,2.1,3.5,3.3,2.15,3.5,3.25,,,,2.11,3.59,3.36,2.1,3.5,3.2,2.05,3.4,3.2,2.15,3.67,3.39,2.11,3.49,3.24,1.83,2.03,1.8,2.03,1.84,2.04,1.79,1.98,-0.25,1.85,2,1.84,2.02,1.87,2.02,1.83,1.95,2.2,3.6,3,2.25,3.5,3,,,,2.28,3.49,3.21,2.1,3.5,3.2,2.2,3.5,3,2.29,3.72,3.22,2.24,3.48,3.06,1.73,2.08,1.75,2.14,1.78,2.23,1.72,2.11,-0.25,1.98,1.88,1.98,1.91,2.02,1.94,1.92,1.89
D1,10/05/2024,19:30,Augsburg,Stuttgart,0,1,A,0,0,D,,9,19,1,7,15,9,5,5,4,2,0,0,4,4.2,1.75,3.8,4.33,1.77,,,,3.92,4.45,1.82,3.75,4.4,1.75,3.8,4.33,1.8,4,4.52,1.85,3.88,4.34,1.81,1.36,3.2,1.37,3.25,1.41,3.33,1.36,3.16,0.5,2.05,1.75,2.1,1.81,2.16,1.83,2.07,1.8,4,4.2,1.75,3.8,4.2,1.78,,,,4.02,4.41,1.81,3.9,4.6,1.7,4,4.4,1.75,4.25,4.6,1.81,4,4.38,1.77,1.4,3,1.39,3.14,1.4,3.4,1.36,3.22,0.75,1.9,2,1.91,2.02,1.94,2.04,1.9,1.95
D1,11/05/2024,14:30,FC Koln,Union Berlin,3,2,H,1,2,A,,18,14,5,6,15,16,6,8,3,2,0,0,2.8,3.3,2.55,2.75,3.4,2.5,,,,2.79,3.39,2.63,2.8,3.5,2.4,2.75,3.4,2.55,2.9,3.54,2.66,2.8,3.38,2.57,2.05,1.85,2.05,1.85,2.06,1.89,1.98,1.82,0,2.03,1.87,2.01,1.89,2.08,1.89,2.02,1.83,2.55,3.3,2.75,2.55,3.3,2.7,,,,2.59,3.45,2.85,2.6,3.4,2.6,2.55,3.4,2.75,2.79,3.48,2.85,2.59,3.37,2.74,1.95,1.95,1.95,1.95,2.02,1.96,1.91,1.9,0,1.86,2.07,1.87,2.06,2.02,2.08,1.88,1.99
D1,11/05/2024,14:30,Freiburg,Heidenheim,1,1,D,1,1,D,,19,9,3,3,9,11,2,4,1,1,0,0,1.7,4,4.5,1.77,3.9,4.33,,,,1.72,4.07,4.78,1.7,4.2,4.33,1.7,4.2,4.5,1.77,4.26,4.9,1.73,4.06,4.59,1.62,2.3,1.65,2.32,1.69,2.4,1.63,2.31,-0.75,1.91,1.99,1.92,1.99,1.95,2.02,1.89,1.95,1.75,4,4.33,1.75,3.9,4.4,,,,1.78,3.98,4.59,1.73,4,4.33,1.73,4.1,4.4,1.81,4.1,4.67,1.76,4,4.46,1.67,2.2,1.72,2.22,1.72,2.33,1.66,2.25,-0.75,2,1.93,2.01,1.92,2.01,1.97,1.95,1.9
D1,11/05/2024,14:30,M'gladbach,Ein Frankfurt,1,1,D,1,1,D,,6,16,3,1,9,10,2,8,1,0,0,0,2.45,3.75,2.63,2.45,3.7,2.6,,,,2.53,3.73,2.7,2.45,3.75,2.6,2.5,3.75,2.63,2.57,3.91,2.73,2.51,3.71,2.66,1.57,2.38,1.6,2.45,1.64,2.5,1.57,2.43,0,1.9,2,1.89,2.02,1.92,2.02,1.86,1.97,2.6,3.75,2.45,2.6,3.6,2.5,,,,2.74,3.69,2.55,2.5,3.75,2.5,2.7,3.75,2.45,2.76,3.85,2.66,2.67,3.7,2.51,1.57,2.38,1.59,2.48,1.6,2.52,1.56,2.45,0,2.04,1.89,2.03,1.89,2.05,2.02,1.98,1.89
D1,11/05/2024,14:30,RB Leipzig,Werder Bremen,1,1,D,0,1,A,,13,10,5,1,12,6,4,3,1,0,0,0,1.29,6.5,8,1.3,6.25,8.25,,,,1.29,6.72,8.41,1.29,6.5,8,1.29,6.5,8.5,1.35,7.1,9.5,1.29,6.54,8.64,1.29,3.75,1.32,3.49,1.32,3.9,1.29,3.63,-1.75,1.95,1.95,1.95,1.93,2.02,1.95,1.92,1.91,1.4,5.25,6.5,1.38,5.5,6.75,,,,1.38,5.78,7.3,1.36,5,8,1.36,5.75,7,1.43,6.55,8.05,1.37,5.55,7.14,1.36,3.2,1.35,3.39,1.36,3.5,1.33,3.3,-1.5,2.06,1.87,1.99,1.93,2.06,2.14,1.96,1.89
D1,11/05/2024,17:30,Mainz,Dortmund,3,0,H,3,0,H,,14,10,6,2,14,11,4,2,2,2,0,0,2.2,3.6,3.1,2.25,3.8,2.85,,,,2.19,3.97,3.08,2.2,4,2.8,2.2,3.8,3,2.26,4.07,3.13,2.21,3.9,2.98,1.5,2.63,1.5,2.67,1.51,2.75,1.48,2.65,-0.25,1.95,1.95,1.93,1.97,1.98,1.97,1.91,1.91,1.83,4,3.8,1.85,4,3.7,,,,1.87,4.23,3.89,1.91,4,3.6,1.87,4,3.75,2.25,4.42,3.9,1.91,4.08,3.67,1.44,2.75,1.44,2.9,1.46,2.91,1.42,2.81,-0.25,1.6,2.3,1.65,2.38,1.99,2.38,1.69,2.22
D1,12/05/2024,14:30,Darmstadt,Hoffenheim,0,6,A,0,5,A,,9,12,1,7,9,3,2,3,3,0,0,0,4.75,4.5,1.62,4.2,4.5,1.68,,,,4.67,4.73,1.64,4.5,4.6,1.6,4.75,4.6,1.62,5,4.9,1.7,4.66,4.62,1.64,1.36,3.2,1.36,3.26,1.37,3.39,1.35,3.2,1,1.89,2.01,1.89,2.02,1.89,2.03,1.85,1.99,5,5,1.53,5,4.8,1.53,,,,5.23,5.22,1.54,4.75,4.75,1.57,4.8,5,1.55,5.26,5.22,1.63,4.91,4.89,1.56,1.29,3.75,1.3,3.49,1.34,3.87,1.3,3.51,1,2.03,1.78,2.1,1.81,2.12,1.95,1.98,1.87
D1,12/05/2024,16:30,Bayern Munich,Wolfsburg,2,0,H,2,0,H,,5,5,3,2,7,8,4,0,0,2,0,0,1.33,6,7.5,1.36,5.5,7.25,,,,1.34,6.36,7.4,1.35,5.5,7.5,1.33,5.75,8,1.39,6.6,8.1,1.35,5.89,7.55,1.36,3.2,1.35,3.35,1.37,3.39,1.35,3.22,-1.5,1.91,1.99,1.9,2.01,1.95,2.01,1.89,1.95,1.5,5.25,5.25,1.49,4.75,6,,,,1.49,5.08,6.07,1.44,5,6,1.45,5,6,1.53,5.33,6.5,1.48,4.92,5.88,1.44,2.75,1.48,2.76,1.51,2.8,1.46,2.68,-1.25,2.05,1.85,2.04,1.88,2.07,1.89,2,1.84
D1,12/05/2024,18:30,Bochum,Leverkusen,0,5,A,0,2,A,,2,28,0,10,5,10,2,6,2,1,1,0,4.2,4.33,1.7,4.2,4.2,1.73,,,,4.42,4.35,1.72,4.2,4.33,1.7,4.4,4.2,1.7,4.5,4.45,1.77,4.34,4.32,1.72,1.44,2.75,1.5,2.69,1.52,2.75,1.48,2.66,0.75,1.99,1.91,2,1.91,2.01,1.92,1.95,1.88,4.2,4.2,1.73,4.33,3.9,1.75,,,,4.65,3.92,1.79,4.4,3.9,1.73,4.2,4.2,1.75,4.7,4.35,1.8,4.41,4.05,1.75,1.57,2.38,1.62,2.42,1.62,2.6,1.56,2.44,0.75,1.92,2.01,1.92,2,1.97,2.04,1.9,1.94
D2,10/05/2024,17:30,Magdeburg,Greuther Furth,0,0,D,0,0,D,,10,9,2,5,14,13,1,2,2,1,0,0,1.91,3.6,3.6,2,3.8,3.4,,,,2.03,3.86,3.54,1.95,3.8,3.25,1.95,3.9,3.25,2.05,3.92,3.6,1.99,3.78,3.4,1.48,2.6,1.5,2.69,1.5,2.75,1.47,2.62,-0.5,2,1.85,2.04,1.87,2.05,1.87,1.98,1.83,2.05,3.5,3.4,2.1,3.7,3.2,,,,2.14,3.71,3.36,2,3.75,3.2,2.05,3.8,3.13,2.19,3.87,3.53,2.08,3.7,3.27,1.53,2.4,1.57,2.53,1.57,2.75,1.51,2.49,-0.25,1.83,2.03,1.87,2.04,1.87,2.11,1.8,2.03
D2,10/05/2024,17:30,Paderborn,Hamburg,1,0,H,1,0,H,,15,10,3,2,10,10,4,9,3,2,0,0,3.6,4.2,1.83,3.4,4.4,1.87,,,,3.48,4.59,1.88,3.3,4.4,1.8,3.3,4.4,1.83,3.69,4.6,1.89,3.47,4.38,1.84,1.29,3.6,1.28,3.87,1.29,4.1,1.26,3.75,0.5,2,1.85,2.01,1.89,2.06,1.89,1.98,1.83,3.6,4.2,1.8,3.6,4.5,1.8,,,,3.6,4.69,1.84,3.4,4.33,1.8,3.4,4.4,1.8,3.84,4.69,1.85,3.54,4.39,1.82,1.25,4,1.28,3.92,1.28,4.1,1.25,3.79,0.75,1.83,2.03,1.87,2.05,1.88,2.07,1.83,1.99
D2,11/05/2024,12:00,Hertha,Kaiserslautern,3,1,H,2,1,H,,15,13,5,2,9,9,2,6,2,3,0,0,2.55,3.6,2.55,2.5,3.9,2.5,,,,2.55,3.98,2.56,2.4,3.9,2.45,2.45,3.8,2.5,2.56,4,2.56,2.49,3.83,2.5,1.4,2.88,1.42,3,1.42,3,1.39,2.91,0,1.93,1.93,1.94,1.96,1.95,1.98,1.91,1.91,2.3,3.75,2.75,2.45,3.9,2.55,,,,2.39,3.91,2.78,2.38,3.8,2.5,2.3,3.9,2.63,2.52,4.09,2.83,2.38,3.82,2.65,1.4,2.88,1.4,3.06,1.42,3.1,1.38,2.96,0,1.73,2.08,1.81,2.11,1.96,2.15,1.81,2.04
D2,11/05/2024,12:00,Nurnberg,Elversberg,3,0,H,1,0,H,,13,4,6,1,9,8,4,4,2,2,0,0,2.6,3.6,2.5,2.6,3.8,2.45,,,,2.73,3.62,2.56,2.5,3.8,2.38,2.55,3.75,2.4,2.73,3.9,2.56,2.61,3.67,2.45,1.48,2.6,1.51,2.65,1.51,2.7,1.46,2.64,0,1.98,1.88,2.02,1.88,2.03,1.88,1.98,1.84,2.55,3.6,2.55,2.55,3.9,2.4,,,,2.6,3.78,2.6,2.4,3.9,2.45,2.45,3.9,2.45,2.66,4,2.62,2.52,3.77,2.52,1.36,3.1,1.41,3.02,1.48,3.1,1.38,2.98,0,1.93,1.93,1.95,1.95,2.02,1.96,1.94,1.91
D2,11/05/2024,12:00,Schalke 04,Hansa Rostock,2,1,H,2,1,H,,10,10,6,3,7,18,5,4,2,2,0,1,1.85,4,3.6,1.85,4,3.8,,,,1.89,4.2,3.72,1.8,3.9,3.7,1.83,3.9,3.7,1.89,4.2,3.87,1.85,3.94,3.7,1.6,2.3,1.63,2.37,1.63,2.39,1.6,2.31,-0.5,1.88,1.98,1.9,2.01,1.9,2.06,1.84,1.95,1.95,3.8,3.4,2,3.8,3.4,,,,2,4.1,3.46,1.91,3.8,3.4,1.95,3.9,3.3,2.09,4.22,3.7,1.97,3.87,3.38,1.6,2.3,1.63,2.38,1.66,2.4,1.59,2.32,-0.5,1.98,1.88,2,1.9,2.03,2,1.95,1.86
D2,11/05/2024,19:30,Holstein Kiel,Fortuna Dusseldorf,1,1,D,1,0,H,,8,19,2,6,12,7,2,13,1,3,0,0,2.55,3.5,2.63,2.4,3.75,2.65,,,,2.55,3.44,2.86,2.3,3.8,2.6,2.4,3.6,2.63,2.55,3.9,2.86,2.44,3.6,2.65,1.5,2.5,1.54,2.58,1.54,2.8,1.47,2.6,0,1.85,2,1.85,2.07,1.85,2.07,1.83,1.99,2.55,3.75,2.55,2.5,3.5,2.65,,,,2.6,3.77,2.6,2.5,3.5,2.6,2.5,3.6,2.5,2.64,3.85,2.82,2.54,3.56,2.61,1.67,2.15,1.72,2.21,1.72,2.57,1.61,2.28,0,1.95,1.9,1.95,1.95,1.95,2.06,1.9,1.94
D2,12/05/2024,12:30,Braunschweig,Wehen,1,0,H,1,0,H,,11,14,5,5,8,14,3,8,3,1,0,0,2,3.6,3.5,1.98,3.7,3.5,,,,2.06,3.57,3.74,1.95,3.6,3.4,2,3.6,3.4,2.06,3.74,3.75,1.99,3.57,3.51,1.7,2.1,1.76,2.13,1.76,2.17,1.72,2.1,-0.5,2.03,1.83,2.07,1.85,2.07,1.85,2,1.81,2.15,3.4,3.2,2.2,3.5,3.2,,,,2.25,3.37,3.42,2.1,3.5,3.1,2.15,3.5,3.1,2.3,3.61,3.52,2.18,3.43,3.21,1.83,2.03,1.83,2.06,1.87,2.1,1.78,2.03,-0.25,1.87,1.92,1.93,1.97,1.96,2.06,1.88,1.94
D2,12/05/2024,12:30,Karlsruhe,Hannover,1,2,A,1,1,D,,17,14,7,4,16,13,8,6,6,2,0,0,1.95,4,3.3,2.1,3.8,3.1,,,,2.03,3.92,3.48,2,3.9,3.1,2,3.8,3.25,2.1,4,3.48,2,3.83,3.29,1.48,2.6,1.51,2.66,1.51,2.66,1.48,2.57,-0.5,2,1.85,2.04,1.87,2.06,1.87,1.98,1.82,2.15,4,2.88,2.15,3.9,2.95,,,,2.2,4.04,3.01,2.1,3.9,2.9,2.15,4,2.8,2.23,4.04,3.15,2.13,3.87,2.96,1.4,2.88,1.41,3.03,1.45,3.03,1.41,2.81,-0.25,1.9,1.9,1.95,1.95,1.96,2,1.87,1.93
D2,12/05/2024,12:30,St Pauli,Osnabruck,3,1,H,1,0,H,,19,3,7,1,11,2,4,3,2,0,0,0,1.2,6.5,13,1.22,6.75,12,,,,1.21,7.2,13.29,1.18,6.5,12,1.18,7,12,1.22,7.4,14,1.2,6.75,12.56,1.44,2.7,1.43,2.91,1.44,2.95,1.41,2.81,-2,1.98,1.88,1.98,1.91,2.04,1.91,1.95,1.85,1.2,7.5,12,1.2,7.25,13.5,,,,1.2,7.31,13.8,1.17,7,13,1.17,7,13,1.22,7.5,15,1.19,6.97,13.06,1.4,2.88,1.42,2.96,1.44,3,1.4,2.87,-2,1.87,1.92,1.93,1.95,2.04,1.99,1.9,1.91
E0,11/05/2024,12:30,Fulham,Man City,0,4,A,0,1,A,A Taylor,1,16,1,9,9,6,1,7,1,0,1,0,13,7,1.2,11,7,1.23,,,,12.95,7.04,1.21,12,7,1.22,13,7,1.2,14,7.5,1.26,12.3,7.05,1.22,1.36,3.2,1.36,3.22,1.38,3.3,1.34,3.18,2,1.84,2.06,1.83,2.08,1.96,2.07,1.84,2.02,12,7,1.2,9.5,6.75,1.25,,,,10.9,7.4,1.24,10,7,1.25,11.5,7,1.22,14.52,7.6,1.27,11.13,7.21,1.23,1.33,3.4,1.33,3.43,1.35,3.54,1.33,3.39,2,1.75,2.05,1.76,2.17,1.92,2.17,1.81,2.07
E0,11/05/2024,15:00,Bournemouth,Brentford,1,2,A,0,0,D,M Donohue,13,11,4,5,16,12,3,8,2,2,0,0,1.95,4,3.5,1.95,3.9,3.5,,,,1.96,4.07,3.57,1.95,4,3.4,1.93,3.8,3.4,2.02,4.21,3.7,1.98,3.99,3.5,1.44,2.75,1.48,2.76,1.49,2.82,1.46,2.71,-0.5,1.98,1.92,1.97,1.93,2.01,1.94,1.98,1.89,2.15,3.6,3.2,2.1,3.8,3.1,,,,2.16,3.88,3.25,2.1,3.9,3.1,2.1,3.9,3.13,2.16,4.1,3.4,2.11,3.9,3.22,1.5,2.63,1.5,2.72,1.5,3.02,1.44,2.82,-0.25,1.92,2.01,1.9,2.03,1.92,2.17,1.84,2.03
E0,11/05/2024,15:00,Everton,Sheffield United,1,0,H,1,0,H,S Attwell,15,13,6,1,6,11,3,6,1,2,0,0,1.4,4.8,7.5,1.42,5,7,,,,1.4,5.3,7.47,1.4,5,7,1.36,4.8,7.5,1.44,5.5,8,1.4,5.13,7.46,1.53,2.5,1.55,2.57,1.57,2.57,1.54,2.48,-1.25,1.89,2.01,1.87,2.04,1.91,2.04,1.86,1.99,1.4,5,7,1.43,4.8,6.75,,,,1.44,5.07,7.03,1.44,5,7,1.4,5,7.5,1.47,5.38,7.69,1.43,5.05,7.08,1.53,2.5,1.54,2.59,1.55,2.63,1.52,2.55,-1.25,1.94,1.99,1.94,1.98,1.94,2.12,1.89,1.97
E0,11/05/2024,15:00,Newcastle,Brighton,1,1,D,1,1,D,D England,18,15,7,4,9,16,8,4,3,4,0,0,1.57,4.75,4.75,1.58,4.75,4.75,,,,1.59,4.93,4.84,1.6,4.6,4.6,1.55,4.5,4.8,1.63,5,5,1.59,4.81,4.84,1.33,3.4,1.33,3.44,1.35,3.52,1.33,3.32,-1,1.92,1.98,1.93,1.97,1.96,2.01,1.92,1.94,1.57,4.75,5,1.58,4.6,4.8,,,,1.6,4.84,5.01,1.6,4.5,4.75,1.55,4.6,5.25,1.62,5,5.5,1.59,4.75,4.99,1.36,3.2,1.39,3.17,1.41,3.3,1.37,3.14,-1,1.94,1.99,1.96,1.96,1.97,2,1.92,1.95
E0,11/05/2024,15:00,Tottenham,Burnley,2,1,H,1,1,D,J Gillett,21,7,9,3,10,14,9,3,3,5,0,0,1.36,5.75,7,1.33,6,7.5,,,,1.35,6.16,7.27,1.33,5.8,7.5,1.3,5.75,7.5,1.39,6.3,7.9,1.35,6.01,7.33,1.25,4,1.32,3.36,1.26,4.3,1.24,4.05,-1.5,1.88,2.02,1.87,2.04,1.9,2.07,1.85,2.01,1.29,6.5,8,1.32,6,7.75,,,,1.31,6.53,8.32,1.33,5.5,7.5,1.29,6.5,8.5,1.37,6.71,9,1.32,6.25,8.08,1.22,4.33,1.32,3.36,1.25,4.5,1.22,4.29,-1.5,1.75,2.05,1.79,2.11,1.88,2.18,1.79,2.09
E0,11/05/2024,15:00,West Ham,Luton,3,1,H,0,1,A,M Oliver,24,4,8,1,9,15,7,6,1,3,0,0,1.8,4.2,3.8,1.8,4.1,3.9,,,,1.82,4.53,3.78,1.8,4.2,3.75,1.75,4,3.9,1.86,4.6,4.04,1.82,4.33,3.83,1.44,2.75,1.43,2.94,1.45,2.98,1.42,2.84,-0.75,2.03,1.87,2.03,1.88,2.04,1.91,2,1.86,1.85,4,3.8,1.85,4.1,3.7,,,,1.88,4.27,3.77,1.85,4.2,3.6,1.85,4.1,3.75,1.9,4.5,4.02,1.86,4.23,3.76,1.4,3,1.41,3.04,1.43,3.17,1.39,3.02,-0.5,1.9,2.03,1.89,2.03,1.92,2.11,1.86,2.02
E0,11/05/2024,15:00,Wolves,Crystal Palace,1,3,A,0,2,A,T Bramall,13,13,7,3,13,12,8,3,3,2,0,1,2.88,3.5,2.38,2.75,3.5,2.45,,,,2.9,3.49,2.49,2.8,3.5,2.38,2.75,3.4,2.4,3,3.6,2.54,2.86,3.51,2.47,1.8,2,1.83,2.06,1.86,2.1,1.79,2.04,0,2.08,1.73,2.12,1.81,2.13,1.85,2.08,1.77,3.2,3.5,2.2,3.1,3.5,2.2,,,,3.31,3.63,2.22,3.1,3.4,2.25,3.25,3.5,2.2,3.37,3.63,2.46,3.2,3.55,2.24,1.8,2,1.83,2.07,1.88,2.09,1.81,2.03,0.25,1.95,1.98,1.99,1.93,1.99,2.13,1.93,1.94
E0,11/05/2024,17:30,Nott'm Forest,Chelsea,2,3,A,1,1,D,T Harrington,20,12,4,5,14,8,5,6,2,3,0,0,3.4,3.8,2,3.3,3.9,2,,,,3.44,3.93,2.04,3.3,3.9,2.05,3.25,3.75,2,3.6,4.21,2.08,3.39,3.94,2.03,1.5,2.63,1.51,2.67,1.51,2.75,1.48,2.64,0.5,1.87,2.03,1.86,2.05,1.87,2.08,1.84,2.02,4,4,1.85,4.1,3.9,1.8,,,,4.04,3.98,1.88,4,4.2,1.83,4.5,3.9,1.75,4.5,4.2,2.06,4.11,3.99,1.84,1.62,2.3,1.65,2.35,1.65,2.54,1.58,2.4,0.5,2.05,1.88,2.04,1.9,2.14,2.08,2.02,1.86
E0,12/05/2024,16:30,Man United,Arsenal,0,1,A,0,1,A,P Tierney,14,11,2,5,5,6,4,7,0,2,0,0,7,5.5,1.36,6.75,5.25,1.4,,,,7.2,5.68,1.38,7,5.5,1.36,7.5,5.25,1.33,7.5,5.8,1.43,7.08,5.5,1.39,1.36,3.2,1.37,3.21,1.4,3.22,1.37,3.09,1.5,1.91,1.99,1.92,1.99,1.92,2.03,1.87,1.99,9.5,6,1.29,9.75,6.25,1.27,,,,9.75,7.05,1.26,8.5,5.8,1.3,8.5,6.5,1.29,9.81,7.05,1.36,9.06,6.14,1.3,1.4,3,1.4,3.03,1.4,3.4,1.37,3.06,1.75,1.92,1.92,1.99,1.93,1.99,2.04,1.89,1.95
E0,13/05/2024,20:00,Aston Villa,Liverpool,3,3,D,1,2,A,S Hooper,19,14,5,7,11,15,5,4,1,1,0,0,4.2,4.33,1.7,4,4.5,1.71,,,,4.16,4.7,1.71,4,4.5,1.7,4.1,4.33,1.67,4.4,4.75,1.77,4.15,4.55,1.71,1.33,3.4,1.37,3.26,1.37,3.4,1.33,3.28,0.75,1.99,1.91,2.01,1.9,2.01,1.91,1.97,1.87,3.7,4.75,1.75,3.75,4.4,1.78,,,,3.9,4.58,1.8,3.75,4.33,1.8,3.75,4.33,1.75,3.95,4.85,1.83,3.83,4.53,1.79,1.36,3.2,1.39,3.16,1.39,3.3,1.36,3.2,0.75,1.92,2.01,1.92,2.02,1.92,2.03,1.89,1.98
F1,10/05/2024,20:00,Brest,Reims,1,1,D,1,1,D,,16,8,5,2,12,12,3,4,2,3,0,0,1.67,4,5,1.68,4,4.8,,,,1.7,4.01,5.2,1.67,3.8,5,1.65,3.9,5,1.72,4.24,5.3,1.69,4.02,4.96,1.73,2.1,1.76,2.15,1.8,2.19,1.74,2.13,-0.75,1.87,2.03,1.89,2.03,1.91,2.05,1.85,1.99,1.6,4.2,5.5,1.61,4.1,5.25,,,,1.64,4.2,5.52,1.62,3.9,5.5,1.57,4.1,5.5,1.66,4.4,5.7,1.62,4.17,5.26,1.67,2.2,1.69,2.26,1.73,2.31,1.66,2.24,-1,2.05,1.85,2.08,1.85,2.1,1.88,2.03,1.83
F1,10/05/2024,20:00,Nice,Le Havre,1,0,H,1,0,H,,13,12,6,3,10,9,6,1,2,0,0,0,1.53,4,6.5,1.55,4.1,6,,,,1.57,4.22,6.3,1.53,4.2,6,1.53,4,6.5,1.6,4.35,6.75,1.55,4.16,6.26,1.99,1.91,1.99,1.92,1.99,1.98,1.93,1.9,-1,1.98,1.92,2,1.93,1.99,1.96,1.93,1.91,1.55,4,6.5,1.55,4,6,,,,1.58,4.12,6.46,1.53,4.2,6,1.53,4,6.5,1.58,4.25,6.75,1.55,4.08,6.31,2.05,1.85,2.04,1.87,2.06,1.93,1.98,1.85,-1,1.99,1.91,2.01,1.91,2.02,1.97,1.95,1.9
F1,12/05/2024,20:00,Clermont,Lyon,0,1,A,0,0,D,,18,6,5,2,8,12,7,2,1,2,0,0,5.25,4.5,1.55,5.25,4.6,1.53,,,,5.54,4.78,1.54,5,4.6,1.55,5.25,4.33,1.5,5.7,4.9,1.6,5.22,4.65,1.56,1.44,2.75,1.43,2.91,1.47,2.93,1.43,2.79,1,2.01,1.89,2.03,1.88,2.03,1.96,1.96,1.87,5,4.2,1.62,4.75,4.4,1.62,,,,5.02,4.4,1.65,4.8,4.4,1.6,4.8,4.4,1.6,5.3,4.65,1.69,4.9,4.44,1.62,1.44,2.75,1.43,2.95,1.48,3.12,1.41,2.94,1,1.86,2.07,1.87,2.06,1.95,2.07,1.85,2
F1,12/05/2024,20:00,Marseille,Lorient,3,1,H,2,1,H,,13,14,4,3,9,6,9,5,3,4,0,0,1.44,5,6.5,1.38,4.5,6,,,,1.47,4.84,6.63,1.4,5,7,1.36,4.5,7,1.49,5.2,7.14,1.43,4.9,6.7,1.53,2.5,1.57,2.51,1.57,2.57,1.54,2.48,-1.25,1.98,1.92,2.01,1.9,2.01,1.97,1.92,1.9,1.5,4.2,6.5,1.44,4.2,5.5,,,,1.51,4.71,6.34,1.4,5,7,1.44,4.5,7,1.52,5.1,7.44,1.47,4.69,6.53,1.62,2.3,1.63,2.39,1.65,2.55,1.58,2.4,-1.25,2.11,1.82,2.1,1.81,2.11,1.91,2,1.84
F1,12/05/2024,20:00,Montpellier,Monaco,0,2,A,0,0,D,,14,19,3,9,20,10,3,3,1,1,0,0,3.8,4,1.83,3.6,4.1,1.87,,,,3.92,4.26,1.83,3.6,4.2,1.83,3.6,3.9,1.8,3.99,4.4,1.88,3.73,4.18,1.85,1.4,3,1.4,3.04,1.42,3.12,1.39,2.96,0.75,1.78,2.03,1.86,2.05,1.86,2.1,1.79,2.02,4.2,4.33,1.67,4.1,4.5,1.7,,,,4.28,4.59,1.72,4.2,4.5,1.67,4.2,4.4,1.67,4.49,4.7,1.75,4.15,4.53,1.7,1.3,3.5,1.34,3.39,1.32,3.83,1.29,3.58,0.75,2.04,1.89,2.03,1.9,2.06,1.91,1.98,1.86
F1,12/05/2024,20:00,Nantes,Lille,1,2,A,0,2,A,,9,12,5,3,17,7,5,4,4,2,0,0,4,3.5,1.91,3.8,3.4,1.98,,,,4.03,3.53,1.99,3.8,3.5,1.95,3.9,3.25,1.91,4.1,3.65,2.03,3.94,3.49,1.97,2.1,1.73,2.13,1.77,2.16,1.84,2.08,1.76,0.5,1.91,1.99,1.91,2,1.92,2,1.89,1.95,5,3.8,1.7,4.6,3.6,1.77,,,,5.16,3.88,1.73,4.8,3.75,1.7,4.8,3.75,1.73,5.26,3.88,1.85,4.78,3.71,1.77,2.02,1.88,2.06,1.85,2.07,1.88,2,1.83,0.75,1.98,1.95,1.97,1.95,2.01,2.1,1.85,1.99
F1,12/05/2024,20:00,Paris SG,Toulouse,1,3,A,1,1,D,,15,18,3,5,12,8,4,6,0,0,0,0,1.4,6,5.75,1.4,5.25,6.75,,,,1.38,5.96,6.92,1.36,5.5,7,1.36,4.8,7,1.43,6,7.48,1.39,5.52,6.8,1.4,3,1.39,3.11,1.43,3.11,1.4,2.96,-1.5,2.03,1.87,2.02,1.88,2.06,1.89,2.01,1.84,1.36,6,7.5,1.35,5.5,7.5,,,,1.37,5.91,7.72,1.3,5.8,8.5,1.3,5.75,8.5,1.39,6.01,8.5,1.35,5.75,7.54,1.3,3.5,1.34,3.46,1.38,3.5,1.34,3.31,-1.5,1.91,2.02,1.93,2,2,2.03,1.92,1.94
F1,12/05/2024,20:00,Rennes,Lens,1,1,D,0,0,D,,16,8,6,4,12,14,4,3,2,3,0,0,2.5,3.4,2.8,2.55,3.4,2.65,,,,2.51,3.59,2.81,2.45,3.5,2.7,2.45,3.2,2.7,2.58,3.65,2.86,2.5,3.48,2.76,1.89,2.01,1.91,1.98,1.95,2.02,1.87,1.95,0,1.85,2.05,1.85,2.07,1.89,2.07,1.84,2.01,2.25,3.6,3,2.25,3.6,3,,,,2.3,3.66,3.13,2.25,3.5,3,2.25,3.5,3,2.32,3.7,3.18,2.27,3.58,3.06,1.67,2.2,1.7,2.25,1.75,2.28,1.68,2.21,-0.25,2.01,1.92,2.01,1.92,2.01,1.92,1.96,1.88
F1,12/05/2024,20:00,Strasbourg,Metz,2,1,H,0,0,D,,10,11,2,2,10,10,3,6,2,2,0,0,2.2,3.6,3.1,2.15,3.5,3.25,,,,2.19,3.72,3.25,2.2,3.6,3.1,2.15,3.25,3.13,2.29,3.75,3.29,2.18,3.6,3.19,1.95,1.95,1.94,1.94,1.97,1.97,1.91,1.91,-0.25,1.92,1.98,1.91,1.99,1.97,1.99,1.88,1.94,2.05,3.6,3.4,2.1,3.5,3.4,,,,2.18,3.55,3.47,2.1,3.6,3.25,2.1,3.5,3.4,2.18,3.71,3.52,2.12,3.56,3.41,1.95,1.95,1.96,1.94,1.96,2.02,1.87,1.95,-0.25,1.87,2.06,1.89,2.03,1.89,2.07,1.83,2
F2,10/05/2024,19:45,Ajaccio,Grenoble,1,2,A,0,1,A,,16,13,4,5,7,10,9,4,1,0,0,0,2.1,3.1,3.6,2.1,3.1,3.6,,,,2.17,3.09,3.92,2.05,3.1,3.7,2.1,3.2,3.6,2.18,3.2,3.99,2.11,3.07,3.67,2.35,1.57,2.37,1.63,2.42,1.62,2.3,1.58,-0.25,1.83,2.03,1.84,2.06,1.88,2.04,1.79,1.99,2.25,3.1,3.3,2.2,3.1,3.4,,,,2.35,2.98,3.6,2.15,3,3.5,2.25,3.13,3.25,2.35,3.23,3.65,2.25,3.03,3.42,2.35,1.57,2.4,1.61,2.44,1.61,2.33,1.57,-0.25,1.95,1.9,1.98,1.9,2.01,1.95,1.91,1.89
F2,10/05/2024,19:45,Amiens,Auxerre,0,0,D,0,0,D,,14,9,7,2,18,16,4,4,1,2,0,0,4,3.6,1.85,3.7,3.6,1.88,,,,4.11,3.74,1.88,3.7,3.7,1.85,3.75,3.75,1.87,4.2,3.84,1.95,3.83,3.63,1.87,1.65,2.2,1.7,2.22,1.69,2.3,1.66,2.17,0.5,1.95,1.9,1.99,1.89,1.97,1.95,1.92,1.86,3.75,3.75,1.91,3.5,3.8,1.9,,,,3.76,3.78,1.96,3.5,3.75,1.91,3.5,3.9,1.9,3.83,3.9,2,3.6,3.73,1.92,1.57,2.35,1.58,2.46,1.6,2.46,1.56,2.37,0.5,1.9,1.95,1.92,1.97,1.96,1.99,1.88,1.91
F2,10/05/2024,19:45,Annecy,Angers,1,2,A,1,1,D,,12,11,4,4,10,12,3,2,1,2,0,0,3.3,3.6,2,3.3,3.5,2.05,,,,3.55,3.71,2.04,3.3,3.6,2,3.4,3.6,2,3.59,3.72,2.08,3.38,3.58,2.01,1.7,2.1,1.76,2.13,1.76,2.19,1.72,2.09,0.25,2.03,1.78,2.12,1.78,2.12,1.82,2.05,1.74,3.3,3.6,2,3.3,3.5,2.05,,,,3.57,3.68,2.05,3.3,3.6,2,3.3,3.6,2.05,3.6,3.75,2.12,3.38,3.57,2.03,1.73,2.08,1.77,2.11,1.89,2.16,1.74,2.06,0.25,2.05,1.75,2.11,1.78,2.11,1.83,2.04,1.77
F2,10/05/2024,19:45,Concarneau,Bordeaux,4,2,H,1,1,D,,18,9,10,4,7,11,5,4,0,0,0,1,2.9,3.4,2.3,2.85,3.5,2.3,,,,2.98,3.62,2.34,2.88,3.5,2.25,2.9,3.6,2.25,3.05,3.63,2.35,2.9,3.47,2.28,1.73,2.08,1.75,2.14,1.78,2.13,1.72,2.08,0.25,1.83,2.03,1.85,2.04,1.87,2.09,1.82,1.96,2.88,3.4,2.3,2.85,3.5,2.3,,,,2.91,3.69,2.36,2.75,3.5,2.3,2.8,3.6,2.3,2.99,3.69,2.39,2.84,3.51,2.32,1.7,2.1,1.72,2.18,1.8,2.23,1.7,2.12,0.25,1.83,2.03,1.83,2.06,1.86,2.13,1.8,2.02
F2,10/05/2024,19:45,Dunkerque,Caen,2,2,D,0,1,A,,13,15,6,3,11,11,7,5,2,1,0,0,3.4,3.5,2.05,3.4,3.4,2.05,,,,3.68,3.48,2.08,3.4,3.5,2,3.5,3.5,2,3.71,3.58,2.12,3.45,3.42,2.05,1.88,1.98,1.93,1.93,1.93,2,1.87,1.9,0.25,2.05,1.8,2.1,1.79,2.08,1.84,2.03,1.76,3.6,3.5,1.95,3.6,3.5,1.98,,,,3.74,3.54,2.04,3.5,3.5,1.95,3.6,3.4,2,3.84,3.63,2.08,3.63,3.48,1.98,1.93,1.93,1.92,1.95,2.06,1.97,1.89,1.89,0.5,1.83,2.03,1.85,2.05,1.87,2.08,1.82,1.97
F2,10/05/2024,19:45,Laval,Troyes,1,2,A,1,0,H,,23,8,9,3,13,14,10,2,5,1,0,0,2.05,3.5,3.4,2.05,3.4,3.5,,,,2.12,3.44,3.62,2.05,3.4,3.4,2.05,3.4,3.5,2.13,3.54,3.8,2.06,3.39,3.46,1.98,1.88,2,1.88,2,1.92,1.92,1.84,-0.25,1.83,2.03,1.83,2.07,1.83,2.1,1.76,2.02,2.1,3.5,3.25,2.15,3.4,3.2,,,,2.16,3.54,3.4,2.15,3.4,3.1,2.15,3.4,3.2,2.22,3.59,3.55,2.15,3.42,3.23,1.93,1.93,1.93,1.93,2.06,1.99,1.89,1.88,-0.25,1.85,2,1.88,2.01,1.92,2.02,1.86,1.93
F2,10/05/2024,19:45,Paris FC,Guingamp,2,1,H,1,0,H,,11,10,7,3,13,9,7,3,1,1,0,0,2.38,3.1,3,2.3,3.25,3,,,,2.43,3.21,3.17,2.25,3.25,3,2.3,3.3,3,2.41,3.3,3.19,2.32,3.2,3.04,2.08,1.73,2.13,1.76,2.11,1.8,2.05,1.74,-0.25,2.05,1.8,2.08,1.83,2.09,1.83,1.99,1.8,2.3,3.2,3.1,2.35,3.25,2.95,,,,2.35,3.31,3.22,2.25,3.3,3,2.25,3.3,3.1,2.4,3.35,3.25,2.3,3.25,3.09,2,1.85,2.06,1.82,2.11,1.85,2.02,1.78,-0.25,2,1.85,2.02,1.87,2.04,1.92,1.97,1.84
F2,10/05/2024,19:45,Pau FC,Bastia,1,2,A,1,0,H,,6,13,1,6,19,18,6,6,3,2,0,0,1.91,3.5,4,1.98,3.6,3.5,,,,1.96,3.68,3.86,1.95,3.6,3.5,1.91,3.7,3.6,1.98,3.75,4,1.94,3.58,3.64,1.67,2.15,1.71,2.2,1.72,2.24,1.68,2.14,-0.5,1.93,1.93,1.97,1.92,2,1.95,1.92,1.86,1.73,3.75,4.5,1.73,3.9,4.2,,,,1.75,3.98,4.54,1.8,3.8,3.9,1.73,4,4.1,1.91,4,4.6,1.76,3.8,4.23,1.62,2.25,1.66,2.29,1.69,2.29,1.64,2.22,-0.75,1.98,1.88,1.98,1.91,2.04,1.93,1.96,1.85
F2,10/05/2024,19:45,St Etienne,Rodez,1,1,D,1,0,H,,13,12,4,1,13,11,8,6,3,2,0,0,1.67,4.2,4.33,1.66,4.1,4.33,,,,1.68,4.21,4.78,1.67,4,4.33,1.65,4.1,4.5,1.72,4.3,4.78,1.67,4.08,4.41,1.53,2.4,1.59,2.45,1.58,2.45,1.55,2.38,-0.75,1.85,2,1.86,2.03,1.93,2.07,1.84,1.94,1.67,4.2,4.2,1.68,4.1,4.2,,,,1.71,4.17,4.6,1.65,4.2,4.2,1.67,4.2,4.33,1.73,4.36,4.7,1.68,4.13,4.32,1.48,2.6,1.51,2.64,1.51,2.71,1.47,2.6,-0.75,1.88,1.98,1.9,1.99,1.92,2.02,1.85,1.95
F2,10/05/2024,19:45,Valenciennes,Quevilly Rouen,2,1,H,2,0,H,,4,18,2,8,12,12,2,8,1,1,0,0,3.25,3.3,2.15,3.4,3.25,2.1,,,,3.48,3.35,2.21,3.3,3.4,2.1,3.4,3.3,2.1,3.53,3.42,2.19,3.35,3.3,2.12,2.1,1.7,2.16,1.74,2.14,1.78,2.08,1.72,0.25,1.98,1.88,1.99,1.9,2,1.92,1.95,1.83,3.1,3.4,2.25,3.1,3.25,2.25,,,,3.19,3.38,2.33,3.1,3.25,2.2,3.1,3.3,2.25,3.26,3.48,2.33,3.12,3.32,2.25,2.05,1.75,2.1,1.78,2.21,1.83,2.04,1.76,0.25,1.85,2,1.88,2.01,1.93,2.04,1.87,1.93
G1,11/05/2024,18:00,Atromitos,Asteras Tripolis,0,1,A,0,0,D,,7,11,4,5,13,19,1,4,0,2,0,0,2.3,3.4,3,2.2,3.4,3,,,,2.26,3.31,3.11,2.2,3.3,2.9,2.15,3.25,2.9,2.35,3.46,3.14,2.26,3.31,3.01,1.9,1.95,1.94,1.84,1.95,1.95,1.91,1.85,-0.25,2,1.85,1.95,1.85,2.01,1.9,1.95,1.82,2.15,3.4,3.3,2.15,3.25,3.3,,,,2.15,3.19,3.54,2.05,3.3,3.2,2.05,3.2,3.13,2.38,3.5,3.54,2.15,3.25,3.33,1.95,1.9,1.92,1.88,1.99,1.91,1.91,1.85,-0.25,1.85,2,1.84,1.98,2.09,2.02,1.85,1.93
G1,11/05/2024,18:00,Giannina,Volos NFC,1,1,D,0,0,D,,10,8,5,4,13,9,6,2,0,0,0,0,2.5,3.4,2.8,2.4,3.3,2.75,,,,2.38,3.37,2.87,2.38,3.3,2.7,2.3,3.2,2.7,2.5,3.45,2.9,2.39,3.32,2.81,1.85,2,1.95,1.84,2,2,1.92,1.84,0,1.8,2.05,1.73,2.09,1.8,2.09,1.76,2.03,2.2,3.4,3.1,2.2,3.4,3,,,,2.26,3.36,3.12,2.25,3.4,2.8,2.15,3.3,2.88,2.46,3.5,3.12,2.25,3.35,3.02,1.7,2.1,1.73,2.09,2.02,2.13,1.74,2.04,-0.25,1.95,1.9,1.95,1.87,2.14,1.9,1.95,1.83
G1,11/05/2024,18:00,OFI Crete,Panetolikos,1,2,A,0,1,A,,15,10,5,4,12,7,3,3,1,1,0,0,2.1,3.4,3.6,2,3.4,3.5,,,,2.06,3.28,3.59,2,3.4,3.3,1.95,3.25,3.3,2.12,3.6,3.67,2.04,3.35,3.49,1.88,1.98,1.95,1.84,2,1.98,1.91,1.85,-0.5,2.05,1.75,2.06,1.75,2.12,1.8,2.03,1.76,2.05,3.5,3.4,2.05,3.5,3.3,,,,2.04,3.56,3.44,2,3.4,3.25,2,3.3,3.2,2.11,3.6,3.6,2.05,3.44,3.38,1.7,2.1,1.72,2.11,1.92,2.13,1.78,2,-0.5,2.05,1.75,2.05,1.79,2.12,1.82,2.04,1.77
G1,11/05/2024,18:00,Panserraikos,Kifisia,2,0,H,0,0,D,,13,13,7,6,16,12,7,5,2,2,0,0,2,3.75,3.4,1.98,3.5,3.5,,,,1.92,3.55,3.78,1.95,3.5,3.3,1.9,3.3,3.4,2.02,3.75,3.8,1.96,3.53,3.56,1.8,2.05,1.86,1.93,1.92,2.05,1.85,1.91,-0.5,2.03,1.83,1.93,1.88,2.03,1.93,1.95,1.84,2,3.6,3.5,2,3.6,3.4,,,,2.01,3.5,3.6,1.91,3.6,3.3,1.9,3.5,3.25,2.04,3.78,3.6,1.98,3.58,3.45,1.62,2.25,1.63,2.25,1.67,2.25,1.63,2.19,-0.5,2.03,1.83,2.01,1.81,2.11,1.89,1.99,1.81
G1,12/05/2024,18:00,PAOK,Olympiakos,2,0,H,1,0,H,,10,10,2,4,10,12,3,3,3,4,0,0,2.15,3.6,3.1,2.1,3.5,3.2,,,,2.11,3.31,3.5,2,3.5,3.2,2,3.4,3.1,2.2,3.65,3.5,2.1,3.42,3.23,1.75,2.05,1.77,2.04,1.79,2.1,1.75,2.02,-0.25,1.85,2,1.82,2.01,1.9,2.01,1.82,1.95,2,3.6,3.5,2,3.5,3.4,,,,2.03,3.63,3.53,1.95,3.6,3.2,1.95,3.4,3.2,2.2,3.75,3.53,2,3.57,3.38,1.67,2.15,1.71,2.16,1.74,2.24,1.68,2.13,-0.25,1.75,2.05,1.77,2.09,1.9,2.16,1.76,2.03
I1,10/05/2024,19:45,Frosinone,Inter,0,5,A,0,1,A,,17,14,8,5,4,8,8,4,0,0,0,0,4.5,4,1.73,4.4,3.9,1.73,,,,4.6,4.06,1.76,4.4,4,1.73,4.5,3.9,1.73,4.75,4.2,1.79,4.54,4.03,1.74,1.73,2.1,1.75,2.17,1.78,2.28,1.71,2.16,0.75,1.92,1.98,1.93,1.99,1.94,2,1.9,1.91,4,4,1.8,4.2,3.8,1.8,,,,4.3,4,1.83,4.2,4,1.75,4.33,3.7,1.8,4.7,4.2,1.84,4.31,3.97,1.78,1.67,2.2,1.72,2.23,1.78,2.26,1.7,2.13,0.75,1.84,2.06,1.86,2.07,1.92,2.09,1.86,1.99
I1,11/05/2024,17:00,Napoli,Bologna,0,2,A,0,2,A,,16,11,6,4,15,12,9,3,2,1,0,0,2.1,3.4,3.5,2.1,3.5,3.4,,,,2.14,3.45,3.42,2.05,3.6,3.4,2.1,3.25,3.6,2.19,3.66,3.6,2.13,3.51,3.44,1.99,1.91,1.96,1.88,2,1.95,1.92,1.88,-0.25,1.86,2.04,1.85,2.01,1.9,2.09,1.83,2.01,1.91,3.4,4.33,1.95,3.4,4,,,,1.95,3.46,4.4,1.91,3.25,4.33,1.9,3.4,4.2,2.24,3.5,4.59,1.97,3.43,4.13,2,1.9,2,1.9,2.02,1.97,1.95,1.88,-0.25,1.63,2.25,1.68,2.33,1.95,2.34,1.68,2.23
I1,11/05/2024,19:45,Milan,Cagliari,5,1,H,1,0,H,,17,13,10,7,11,9,6,3,2,1,0,0,1.4,5.25,6.5,1.43,4.8,7,,,,1.41,4.95,6.91,1.4,4.8,7.5,1.36,4.75,8,1.47,5.25,8,1.42,4.97,7.17,1.57,2.38,1.56,2.43,1.64,2.5,1.57,2.42,-1.25,1.95,1.95,1.9,1.95,1.97,1.97,1.9,1.93,1.6,4.33,5.25,1.6,4.1,5.25,,,,1.63,4.28,5.4,1.53,4.4,5.5,1.55,4,6,1.63,4.8,6.4,1.59,4.33,5.47,1.67,2.2,1.72,2.22,1.72,2.47,1.64,2.28,-1,2.04,1.89,2.08,1.85,2.08,2.11,1.97,1.89
I1,12/05/2024,11:30,Lazio,Empoli,2,0,H,1,0,H,,11,16,5,3,18,15,7,7,3,1,0,0,1.57,4,5.75,1.6,3.9,5.5,,,,1.58,3.95,5.8,1.55,4,6,1.53,3.6,6,1.65,4.14,6.2,1.6,3.97,5.77,2.01,1.89,1.99,1.85,2.04,1.9,1.96,1.86,-1,2.07,1.83,2.05,1.82,2.14,1.84,2.04,1.81,1.65,3.8,5.25,1.65,3.8,5.25,,,,1.67,3.87,5.72,1.6,3.9,5.5,1.6,3.7,6,1.74,4,6,1.65,3.84,5.52,2.01,1.89,2.06,1.88,2.06,1.97,1.97,1.86,-0.75,1.87,2.06,1.88,2.06,1.88,2.1,1.83,2.01
I1,12/05/2024,14:00,Genoa,Sassuolo,2,1,H,0,1,A,,8,12,2,4,13,10,3,7,1,2,0,0,2.2,3.5,3.2,2.2,3.4,3.2,,,,2.21,3.44,3.26,2.2,3.5,3.1,2.15,3.1,3.2,2.3,3.65,3.4,2.23,3.47,3.22,1.93,1.97,1.88,1.95,1.96,1.98,1.89,1.93,-0.25,1.95,1.95,1.92,1.93,1.97,1.98,1.91,1.91,2.25,3.4,3.2,2.3,3.3,3.1,,,,2.34,3.4,3.27,2.25,3.5,3,2.3,3.13,3.25,2.37,3.5,3.27,2.3,3.4,3.15,2,1.8,2.08,1.83,2.11,2,1.97,1.85,-0.25,2.02,1.91,2.02,1.92,2.03,1.93,1.98,1.86
I1,12/05/2024,14:00,Verona,Torino,1,2,A,0,0,D,,13,6,5,2,19,15,7,4,3,2,1,0,3,3,2.55,2.9,3,2.6,,,,3.07,3.01,2.56,3.1,2.9,2.6,2.9,2.8,2.5,3.15,3.16,2.64,3.03,3.02,2.59,2.5,1.53,2.49,1.55,2.55,1.61,2.45,1.56,0,2.1,1.8,2.12,1.76,2.14,1.83,2.08,1.77,3.1,2.9,2.55,3.1,2.85,2.55,,,,3.3,2.91,2.63,3.2,2.88,2.5,3.13,2.8,2.6,3.3,3,2.7,3.17,2.89,2.61,2.63,1.5,2.75,1.49,2.78,1.53,2.64,1.49,0,2.15,1.79,2.2,1.75,2.2,1.82,2.13,1.75
I1,12/05/2024,17:00,Juventus,Salernitana,1,1,D,0,1,A,,25,13,6,4,15,12,9,4,2,5,0,0,1.14,8.5,17,1.15,8.5,18,,,,1.13,8.5,17.59,1.11,9,19,1.09,7.5,20,1.15,10,23,1.14,8.56,19.17,1.5,2.63,1.47,2.65,1.51,2.75,1.48,2.63,-2.25,2.02,1.88,1.98,1.86,2.08,1.92,1.98,1.84,1.17,8,13,1.16,8.25,15,,,,1.16,8.76,16.01,1.11,9,19,1.12,8.5,21,1.18,10,21,1.15,8.59,16.68,1.36,3.2,1.38,3.17,1.41,3.4,1.37,3.09,-2.25,2.07,1.86,2.05,1.86,2.07,1.91,1.99,1.85
I1,12/05/2024,19:45,Atalanta,Roma,2,1,H,2,0,H,,24,9,7,6,11,11,6,1,1,1,0,0,2,3.6,3.6,2.05,3.6,3.5,,,,1.97,3.56,3.8,2,3.6,3.6,1.93,3.2,3.75,2.07,3.69,3.94,2.01,3.57,3.71,1.88,2.02,1.85,1.98,1.92,2.02,1.85,1.97,-0.5,2.02,1.88,1.98,1.88,2.05,1.89,2.01,1.85,1.83,3.8,4,1.9,3.7,3.9,,,,1.88,3.83,4.22,1.85,3.7,4,1.85,3.6,4.1,1.94,3.9,4.35,1.89,3.73,4.03,1.67,2.2,1.7,2.27,1.74,2.27,1.68,2.21,-0.5,1.9,2.03,1.89,2.04,1.93,2.05,1.89,1.98
I1,13/05/2024,17:30,Lecce,Udinese,0,2,A,0,1,A,,9,16,2,3,12,11,8,2,2,1,0,0,2.63,3.1,2.8,2.55,3.1,2.9,,,,2.65,2.93,2.93,2.6,3.1,2.8,2.55,2.88,2.8,2.75,3.24,3.04,2.64,3.08,2.89,2.3,1.62,2.32,1.6,2.39,1.68,2.29,1.63,0,1.86,2.04,1.81,2.01,1.9,2.06,1.83,2.01,3.1,3,2.55,3,2.95,2.55,,,,3.16,3.04,2.63,3.1,2.9,2.5,3.1,2.9,2.6,3.16,3.12,2.68,3.06,3,2.58,2.38,1.57,2.5,1.59,2.52,1.65,2.38,1.59,0,2.15,1.79,2.17,1.79,2.2,1.82,2.13,1.76
I1,13/05/2024,19:45,Fiorentina,Monza,2,1,H,1,1,D,,15,5,8,2,9,14,6,1,1,1,0,0,1.55,4.2,5.75,1.58,4.2,5.5,,,,1.55,4.3,5.58,1.53,4.2,5.8,1.5,3.75,6,1.61,4.5,6,1.56,4.29,5.68,1.73,2.1,1.72,2.14,1.78,2.21,1.72,2.14,-1,1.97,1.93,1.94,1.91,1.97,1.93,1.93,1.9,1.48,4.33,6.5,1.5,4.4,6.25,,,,1.52,4.46,6.6,1.5,4.4,6,1.45,4.6,5.75,1.55,4.65,6.7,1.5,4.47,6.32,1.67,2.2,1.65,2.23,1.7,2.35,1.64,2.27,-1,1.84,2.09,1.86,2.08,1.89,2.14,1.82,2.06
I2,10/05/2024,19:30,Ascoli,Pisa,2,1,H,1,0,H,,10,9,4,4,11,21,3,3,2,1,0,0,1.8,3.5,4.75,1.85,3.25,4.4,,,,1.82,3.45,4.94,1.65,3.6,5,1.75,3.2,4.2,1.87,3.5,5,1.8,3.36,4.58,2.2,1.65,2.26,1.68,2.28,1.68,2.21,1.64,-0.5,1.83,2.03,1.83,2.07,1.87,2.07,1.8,2.01,1.75,3.5,5,1.75,3.4,4.8,,,,1.76,3.6,5.12,1.65,3.6,5,1.7,3.25,4.5,1.79,3.6,5.2,1.75,3.44,4.85,2.15,1.67,2.2,1.71,2.28,1.75,2.2,1.65,-0.75,2.03,1.83,2.01,1.88,2.06,1.89,1.99,1.83
I2,10/05/2024,19:30,Bari,Brescia,2,0,H,1,0,H,,18,9,8,0,9,17,12,1,1,0,0,0,1.57,4.33,5.5,1.57,4,5.5,,,,1.56,4.17,6.11,1.5,4,6,1.5,3.8,5.25,1.58,4.33,6,1.55,4.05,5.58,1.75,2.05,1.81,2.06,1.82,2.09,1.77,2.01,-1,2,1.85,1.99,1.9,2.01,1.92,1.93,1.87,1.6,4.2,5.25,1.62,3.9,5,,,,1.6,4.07,5.87,1.5,4,6,1.53,3.75,5,1.63,4.2,5.87,1.58,4.01,5.3,1.75,2.05,1.82,2.04,1.93,2.11,1.8,1.99,-1,2.03,1.83,2.07,1.83,2.07,1.9,2.02,1.81
I2,10/05/2024,19:30,Catanzaro,Sampdoria,1,3,A,1,1,D,,15,17,3,9,6,11,3,6,1,3,0,0,3.4,3.6,2,3.25,3.4,2.1,,,,3.67,3.53,2.07,3,3.5,2.2,3.25,3.3,1.95,3.67,3.6,2.11,3.43,3.44,2.06,1.8,2,1.81,2.06,1.83,2.11,1.78,2,0.25,2.05,1.75,2.11,1.79,2.13,1.81,2.04,1.76,3.8,3.75,1.83,4.1,3.6,1.8,,,,4.05,3.88,1.86,3,3.5,2.2,3.7,3.5,1.8,4.4,3.88,1.87,3.98,3.71,1.83,1.73,2.08,1.79,2.09,1.85,2.19,1.76,2.04,0.5,2,1.85,2.02,1.87,2.07,1.9,1.98,1.83
I2,10/05/2024,19:30,Como,Cosenza,1,1,D,0,1,A,,23,4,5,2,9,9,11,1,1,2,0,0,1.3,6,9,1.28,5.75,9.25,,,,1.27,5.7,11.97,1.33,4.8,8.5,1.22,5.25,9,1.31,6,12,1.27,5.57,9.97,1.44,2.7,1.47,2.75,1.49,2.75,1.46,2.62,-1.75,2,1.85,2.02,1.87,2.12,1.89,2,1.81,1.3,6,9,1.28,5.75,9,,,,1.28,5.51,11.63,1.33,4.8,8.5,1.25,5.25,8,1.32,6,12,1.28,5.59,9.79,1.4,2.88,1.43,2.88,1.46,2.88,1.42,2.76,-1.5,1.78,2.03,1.8,2.07,1.86,2.13,1.8,2.03
I2,10/05/2024,19:30,Cremonese,Cittadella,3,0,H,2,0,H,,13,13,7,5,9,10,3,6,2,2,0,0,1.8,3.6,4.2,1.77,3.6,4.33,,,,1.83,3.54,4.67,1.65,3.9,4.75,1.73,3.6,3.8,1.88,3.75,4.75,1.8,3.58,4.27,1.65,2.2,1.68,2.25,1.69,2.3,1.65,2.2,-0.75,2.03,1.78,2.06,1.82,2.13,1.86,2,1.8,1.65,4,4.75,1.68,3.9,4.6,,,,1.69,3.86,5.23,1.65,3.9,4.75,1.6,3.9,4.2,1.75,4.1,5.23,1.68,3.87,4.7,1.53,2.4,1.55,2.55,1.55,2.57,1.51,2.49,-0.75,1.83,2.03,1.86,2.03,1.89,2.08,1.84,1.98
I2,10/05/2024,19:30,FeralpiSalo,Ternana,0,1,A,0,1,A,,13,9,3,3,11,19,8,6,0,3,0,0,4.2,4,1.73,4,4.1,1.72,,,,4.25,4.23,1.75,4.75,4.2,1.6,3.8,3.9,1.67,4.35,4.33,1.77,4.06,4.1,1.73,1.44,2.7,1.46,2.78,1.46,2.81,1.43,2.72,0.75,1.9,1.95,1.91,1.98,1.97,1.98,1.89,1.91,4,4.2,1.73,4,4.1,1.72,,,,4.13,4.33,1.76,4.75,4.2,1.6,3.7,3.9,1.7,4.35,4.33,1.76,4.03,4.16,1.73,1.4,2.88,1.44,2.86,1.44,2.88,1.42,2.78,0.75,1.9,1.95,1.91,1.98,1.98,2.02,1.91,1.91
I2,10/05/2024,19:30,Lecco,Modena,2,3,A,1,3,A,,15,11,5,4,12,14,6,0,3,2,0,0,3.5,3.4,2.05,3.4,3.4,2.05,,,,3.57,3.54,2.1,3.4,3.5,2,3.2,3.4,1.95,3.6,3.57,2.13,3.42,3.44,2.06,1.8,2,1.82,2.05,1.82,2.05,1.77,2.01,0.25,2.05,1.8,2.08,1.82,2.08,1.82,2.03,1.77,3.1,3.3,2.3,3.1,3.3,2.2,,,,3.24,3.36,2.31,3.4,3.5,2,2.88,3.25,2.2,3.33,3.45,2.38,3.1,3.31,2.27,1.85,2,1.87,2.01,1.93,2.09,1.81,1.97,0.25,1.83,2.03,1.89,1.99,1.91,2.03,1.86,1.94
I2,10/05/2024,19:30,Reggiana,Parma,1,1,D,1,0,H,,11,20,3,6,10,15,4,4,4,2,0,0,3.9,3.4,1.95,3.7,3,2,,,,3.88,3.43,2.04,3.2,3.4,2.1,3.25,3.4,1.93,3.98,3.56,2.04,3.7,3.38,1.99,1.7,2.1,1.76,2.12,1.77,2.13,1.73,2.07,0.5,1.83,2.03,1.85,2.05,1.88,2.05,1.83,1.98,3.75,3.6,1.95,3.3,3.2,2.05,,,,3.61,3.64,2.05,3.2,3.4,2.1,3,3.6,1.95,3.75,3.7,2.2,3.43,3.54,2.02,1.53,2.4,1.56,2.51,1.57,2.51,1.54,2.41,0.25,2.08,1.73,2.12,1.78,2.17,1.9,2.07,1.76
I2,10/05/2024,19:30,Spezia,Venezia,2,1,H,0,1,A,,27,10,11,3,11,14,11,2,4,1,0,1,2.1,3.6,3.2,2.1,3.4,3.25,,,,2.11,3.64,3.44,2.2,3.4,3,2,3.4,3.1,2.17,3.64,3.5,2.09,3.49,3.29,1.7,2.1,1.73,2.17,1.73,2.2,1.7,2.12,-0.25,1.83,2.03,1.84,2.06,1.86,2.06,1.81,2,2.2,3.6,3,2.3,3.3,2.95,,,,2.26,3.63,3.11,2.2,3.4,3,2.15,3.3,2.88,2.36,3.63,3.18,2.24,3.46,3.01,1.8,2,1.79,2.08,1.85,2.12,1.77,2.02,-0.25,1.95,1.9,1.97,1.91,2,1.95,1.94,1.87
I2,10/05/2024,19:30,Sudtirol,Palermo,0,1,A,0,0,D,,8,7,1,4,12,14,2,9,4,3,1,0,3.2,3.25,2.25,3.1,3.2,2.25,,,,3.33,3.34,2.27,2.7,3.3,2.45,3,3.2,2.1,3.34,3.45,2.28,3.17,3.27,2.23,1.98,1.88,1.99,1.88,2,1.9,1.95,1.83,0.25,1.9,1.95,1.93,1.96,1.93,1.99,1.88,1.91,3.8,3.4,1.95,3.7,3.3,1.98,,,,3.93,3.44,2.02,2.7,3.3,2.45,3.4,3.25,1.91,4.1,3.5,2.09,3.76,3.38,1.98,1.95,1.9,1.99,1.88,2.02,1.95,1.93,1.85,0.5,1.85,2,1.86,2.03,1.88,2.08,1.83,1.98
N1,12/05/2024,13:30,Ajax,Almere City,3,0,H,3,0,H,,11,3,4,0,11,14,4,1,3,2,0,0,1.25,6,11,1.25,6.5,11,,,,1.23,6.83,11.68,1.22,6.5,11,1.2,6,11,1.25,7.1,13,1.23,6.41,11.29,1.4,2.88,1.41,2.99,1.44,3.02,1.4,2.85,-1.75,1.84,2.06,1.81,2.07,1.85,2.07,1.8,2,1.25,6.5,11,1.24,6.5,11.5,,,,1.24,6.52,11.75,1.22,6.5,11,1.22,6.5,11.5,1.27,7,12.5,1.23,6.4,11.38,1.44,2.7,1.48,2.72,1.51,2.75,1.47,2.66,-1.75,1.89,2.01,1.91,1.98,1.92,2.03,1.86,1.95
N1,12/05/2024,13:30,Excelsior,Heracles,4,0,H,1,0,H,,19,6,9,0,5,16,7,4,2,3,0,0,1.85,3.75,3.8,1.93,4,3.5,,,,1.89,4.09,3.79,1.85,4.2,3.5,1.87,3.8,3.4,1.95,4.2,3.8,1.89,3.95,3.62,1.48,2.6,1.51,2.65,1.53,2.69,1.48,2.59,-0.5,1.91,1.99,1.91,2,1.96,2,1.9,1.93,1.65,4.33,4.5,1.66,4.33,4.5,,,,1.68,4.44,4.65,1.67,4.2,4.33,1.67,4.33,4.33,1.72,4.5,4.7,1.66,4.35,4.5,1.4,2.88,1.41,3.05,1.48,3.12,1.4,2.91,-1,2.06,1.84,2.09,1.81,2.1,1.87,2.05,1.8
N1,12/05/2024,13:30,For Sittard,PSV Eindhoven,1,1,D,1,0,H,,10,12,6,5,12,5,4,9,2,0,0,0,8.5,6,1.25,9.5,6,1.28,,,,10.22,6.43,1.26,10,5.8,1.25,10,5.75,1.22,10.5,6.7,1.28,9.73,6.1,1.26,1.4,2.88,1.43,2.89,1.45,3.2,1.4,2.88,1.75,1.95,1.95,1.95,1.93,2,1.95,1.9,1.9,9,6,1.29,8.5,6,1.31,,,,8.96,6.33,1.29,8.5,5.8,1.29,9.5,6,1.29,9.54,6.33,1.34,8.61,5.93,1.3,1.36,3.1,1.37,3.18,1.41,3.35,1.36,3.09,1.75,1.88,2.02,1.89,2,1.9,2.17,1.82,2
N1,12/05/2024,13:30,Go Ahead Eagles,AZ Alkmaar,0,3,A,0,2,A,,16,17,4,4,10,14,3,3,0,0,0,0,4.2,3.8,1.8,4,4,1.8,,,,4.3,3.91,1.83,4,4,1.75,4,3.7,1.75,4.3,4,1.84,4.12,3.85,1.79,1.7,2.1,1.75,2.17,1.75,2.2,1.7,2.13,0.5,2.03,1.78,2.08,1.83,2.08,1.84,2.04,1.8,4.75,4.2,1.67,4.6,4.33,1.65,,,,4.77,4.41,1.67,5,4.33,1.57,4.6,4.2,1.65,5.22,4.5,1.68,4.68,4.29,1.65,1.53,2.4,1.55,2.57,1.57,2.63,1.51,2.51,0.75,2.05,1.85,2.07,1.85,2.09,1.85,2.02,1.8
N1,12/05/2024,13:30,Heerenveen,Vitesse,1,3,A,1,1,D,,22,16,5,7,10,16,7,2,0,3,0,0,1.45,4.75,6,1.49,4.75,5.75,,,,1.46,5.07,6.46,1.44,4.8,5.8,1.4,4.6,6,1.49,5.1,6.5,1.46,4.83,5.96,1.44,2.7,1.45,2.86,1.47,2.9,1.43,2.77,-1.25,1.97,1.93,1.96,1.94,1.98,1.94,1.93,1.86,1.6,4.5,5,1.6,4.5,4.8,,,,1.62,4.62,4.91,1.57,4.5,4.8,1.6,4.5,4.75,1.64,4.7,5.4,1.6,4.48,4.83,1.4,2.88,1.41,3.04,1.44,3.04,1.4,2.9,-1,1.99,1.91,2.01,1.89,2.05,1.92,1.97,1.86
N1,12/05/2024,13:30,Nijmegen,Feyenoord,2,3,A,0,1,A,,12,21,6,6,9,16,7,9,0,3,1,0,5.75,4.2,1.53,5.5,4.6,1.52,,,,5.16,4.95,1.56,5.5,4.6,1.5,5.25,4.33,1.5,5.75,5,1.56,5.29,4.66,1.52,1.44,2.7,1.47,2.79,1.49,2.9,1.44,2.71,1,2.02,1.88,2.02,1.88,2.03,1.88,1.99,1.83,4.5,4.2,1.67,4.1,4.2,1.73,,,,4.67,4.3,1.69,4.4,4.2,1.65,4.6,4.2,1.65,4.77,4.35,1.75,4.43,4.23,1.69,1.5,2.5,1.51,2.66,1.56,2.66,1.49,2.58,0.75,2.01,1.89,2.03,1.88,2.06,1.95,1.97,1.85
N1,12/05/2024,13:30,Twente,Volendam,7,2,H,5,2,H,,19,6,10,2,5,4,13,2,0,2,0,0,1.07,11,26,1.08,13,26,,,,1.07,15.23,29.84,1.05,12,26,1.06,9.5,22,1.08,15.23,34,1.07,12.2,27.05,1.25,4,1.23,4.23,1.25,4.23,1.23,3.92,-3,2.03,1.78,2.06,1.81,2.08,1.85,2.03,1.79,1.06,15,26,1.06,15,34,,,,1.05,16.12,27.61,1.04,13,29,1.05,13,29,1.07,17,43,1.05,13.88,30.61,1.17,5,1.13,5.61,1.21,5.61,1.16,4.86,-3.25,2.02,1.88,2,1.82,2.1,1.88,2,1.81
N1,12/05/2024,13:30,Utrecht,Sparta Rotterdam,0,1,A,0,0,D,,20,10,5,4,6,7,12,4,1,0,0,0,1.73,4,4.33,1.77,4,4.2,,,,1.75,4.13,4.48,1.7,4,4.33,1.7,3.8,4.2,1.78,4.13,4.6,1.73,3.99,4.35,1.62,2.25,1.68,2.28,1.7,2.35,1.64,2.24,-0.75,1.98,1.92,1.97,1.93,1.99,1.94,1.9,1.89,1.8,4,4,1.8,3.9,4,,,,1.81,3.96,4.34,1.73,4,4.2,1.75,4,4.2,1.84,4.1,4.5,1.77,3.98,4.18,1.57,2.35,1.61,2.41,1.68,2.45,1.58,2.36,-0.75,2.05,1.85,2.04,1.88,2.08,1.9,1.96,1.85
N1,12/05/2024,13:30,Waalwijk,Zwolle,1,1,D,0,0,D,,22,15,5,11,6,6,10,5,0,1,0,1,1.67,4,4.75,1.72,4.1,4.2,,,,1.71,4.37,4.5,1.67,4.33,4.2,1.65,4,4.33,1.73,4.45,4.75,1.67,4.23,4.44,1.53,2.4,1.55,2.57,1.56,2.6,1.52,2.5,-0.75,1.88,2.02,1.9,2,1.91,2.06,1.83,1.97,1.6,4.5,4.75,1.58,4.6,4.8,,,,1.61,4.58,4.96,1.53,4.6,5,1.57,4.5,5,1.64,4.8,5.25,1.59,4.56,4.86,1.4,2.88,1.45,2.86,1.48,2.9,1.43,2.78,-1,2.01,1.89,2.02,1.89,2.02,1.93,1.95,1.88
P1,10/05/2024,20:15,Chaves,Famalicao,0,1,A,0,1,A,,8,11,2,4,18,21,3,3,3,1,0,0,2.63,3.3,2.63,2.6,3.25,2.6,,,,2.76,3.28,2.73,2.62,3.25,2.6,2.63,3.3,2.63,2.77,3.35,2.76,2.7,3.27,2.65,2.05,1.8,2.07,1.83,2.08,1.87,2.02,1.8,0,1.95,1.95,1.96,1.94,1.97,1.95,1.92,1.91,3,3.4,2.3,2.75,3.3,2.45,,,,3.07,3.4,2.42,2.8,3.4,2.4,2.9,3.4,2.38,3.07,3.48,2.51,2.93,3.35,2.41,1.95,1.9,1.98,1.91,2.06,1.91,1.97,1.85,0.25,1.84,2.06,1.83,2.09,1.85,2.15,1.79,2.06
P1,11/05/2024,15:30,Portimonense,Rio Ave,2,2,D,0,1,A,,19,9,8,4,12,16,12,4,3,2,0,0,2.15,3.3,3.3,2.15,3.4,3.25,,,,2.16,3.46,3.22,2.1,3.4,3.3,2.15,3.4,3.3,2.22,3.6,3.36,2.16,3.43,3.27,2.03,1.83,2.03,1.79,2.11,1.84,2.02,1.79,-0.25,1.92,1.98,1.88,1.93,1.92,2.04,1.87,1.93,2.38,3.3,3,2.35,3.3,2.87,,,,2.46,3.44,2.98,2.3,3.4,2.9,2.38,3.4,2.9,2.46,3.44,3.2,2.36,3.36,3.01,1.93,1.93,1.95,1.93,2.12,1.93,1.94,1.87,-0.25,2.09,1.81,2.13,1.81,2.13,1.96,2.03,1.81
P1,11/05/2024,15:30,Vizela,Estrela,4,0,H,1,0,H,,15,10,7,3,16,11,4,7,3,2,0,0,3.5,3.4,2.05,3.4,3.4,2.05,,,,3.47,3.47,2.06,3.5,3.5,2,3.5,3.5,2.05,3.61,3.65,2.12,3.47,3.48,2.07,1.93,1.93,1.9,1.9,1.97,1.95,1.91,1.89,0.25,2.06,1.84,2.05,1.79,2.08,1.84,2.03,1.78,3.6,3.5,2,3.4,3.5,2.05,,,,3.6,3.7,2.06,3.5,3.5,2,3.5,3.5,2.05,3.6,3.74,2.12,3.49,3.56,2.05,1.88,1.98,1.88,2.02,2.08,2.05,1.86,1.96,0.25,2.05,1.75,2.13,1.79,2.14,1.9,2.07,1.78
P1,11/05/2024,18:00,Estoril,Sp Lisbon,0,1,A,0,0,D,,7,19,1,5,16,10,2,9,2,1,0,0,6,5,1.44,6.25,4.75,1.44,,,,6.86,4.98,1.45,5.5,5,1.44,7,4.8,1.4,7,5,1.46,6.49,4.88,1.43,1.53,2.4,1.55,2.59,1.56,2.6,1.52,2.48,1.25,1.92,1.98,1.94,1.96,1.94,1.98,1.9,1.91,7,5.5,1.36,7.5,5.25,1.35,,,,8.35,5.45,1.36,5.5,5,1.4,8.5,5.25,1.33,8.5,5.64,1.41,7.5,5.18,1.37,1.48,2.6,1.48,2.74,1.56,2.74,1.49,2.6,1.5,1.88,2.02,1.88,2.02,1.9,2.17,1.83,2.02
P1,11/05/2024,20:30,Guimaraes,Sp Braga,2,3,A,1,1,D,,12,14,4,8,13,15,6,8,4,3,0,0,3.25,3.5,2.1,3.1,3.6,2.1,,,,3.28,3.7,2.18,3.2,3.7,2.05,3.2,3.7,2.1,3.33,3.74,2.19,3.23,3.63,2.12,1.67,2.15,1.68,2.27,1.76,2.31,1.64,2.22,0.25,2.01,1.89,2,1.91,2.04,1.91,1.97,1.83,3.3,3.4,2.15,3.2,3.4,2.15,,,,3.34,3.6,2.19,3.1,3.7,2.1,3.25,3.6,2.1,3.5,3.7,2.24,3.23,3.52,2.15,1.88,1.98,1.88,2.01,1.88,2.25,1.8,2.01,0.25,2,1.9,2,1.91,2.03,1.98,1.96,1.88
P1,12/05/2024,15:30,Gil Vicente,Farense,2,0,H,2,0,H,,9,16,6,3,12,11,4,4,4,0,0,0,2,3.5,3.6,2,3.4,3.5,,,,2.09,3.31,3.94,2.05,3.4,3.5,2,3.4,3.4,2.13,3.62,3.94,2.06,3.41,3.58,1.83,2.03,1.87,2.02,1.88,2.03,1.83,1.97,-0.5,2.07,1.83,2.1,1.83,2.1,1.83,2.06,1.8,1.7,4,4.5,1.7,3.9,4.33,,,,1.72,4.04,4.79,1.67,3.8,4.75,1.7,4,4.5,1.77,4.11,4.8,1.71,3.95,4.56,1.57,2.35,1.63,2.38,1.69,2.38,1.63,2.28,-0.75,1.92,1.98,1.93,1.98,1.98,1.99,1.9,1.93
P1,12/05/2024,18:00,Benfica,Arouca,5,0,H,3,0,H,,17,6,9,1,10,14,3,3,2,2,0,0,1.25,6.5,9,1.25,6.25,9.5,,,,1.25,6.81,10.27,1.22,6.5,10,1.22,6,9.5,1.26,7.1,11,1.24,6.52,9.89,1.36,3.1,1.38,3.12,1.41,3.25,1.36,3.05,-1.75,1.9,2,1.9,1.99,1.9,2.01,1.85,1.95,1.29,6.5,8,1.25,6.5,9,,,,1.25,6.85,10.04,1.25,6.5,9,1.25,6.5,9.5,1.31,7.3,11,1.26,6.59,9.44,1.29,3.6,1.3,3.63,1.32,3.82,1.29,3.53,-1.75,1.91,1.99,1.9,1.99,1.91,2.04,1.87,1.96
P1,12/05/2024,18:00,Casa Pia,Moreirense,0,1,A,0,1,A,,11,12,0,5,15,17,5,1,2,2,0,0,2.6,3,2.9,2.55,3,2.85,,,,2.68,3.1,2.97,2.6,3.1,2.8,2.5,3,2.75,2.7,3.18,3,2.61,3.06,2.87,2.3,1.6,2.39,1.63,2.4,1.66,2.34,1.59,0,1.83,2.07,1.85,2.06,1.85,2.07,1.82,2.01,2.7,3.1,2.7,2.65,3.1,2.65,,,,2.78,3.15,2.82,2.6,3.1,2.75,2.63,3.1,2.8,2.78,3.2,2.95,2.68,3.09,2.78,2.2,1.65,2.3,1.67,2.46,1.71,2.26,1.65,0,1.95,1.95,1.93,1.97,1.95,1.98,1.89,1.96
P1,12/05/2024,20:30,Porto,Boavista,2,1,H,0,0,D,,20,3,4,2,14,12,11,2,2,9,0,1,1.17,7,15,1.16,7.75,14.5,,,,1.16,8.19,16.61,1.15,7.5,15,1.13,7,15,1.18,8.6,19,1.16,7.53,15.98,1.44,2.7,1.47,2.76,1.49,2.82,1.46,2.65,-2,1.84,2.06,1.84,2.06,1.88,2.09,1.82,2.01,1.14,8,17,1.13,8.75,16.5,,,,1.14,9.14,18.75,1.1,9,19,1.12,9,19,1.15,9.8,21,1.13,8.78,17.89,1.36,3.1,1.35,3.31,1.36,3.45,1.33,3.28,-2.25,1.91,1.99,1.9,1.98,1.94,2.02,1.86,1.96
SC0,11/05/2024,12:30,Celtic,Rangers,2,1,H,2,1,H,W Collum,22,8,6,1,14,17,10,5,3,0,0,1,1.85,3.75,4,1.9,3.8,3.5,,,,1.9,3.94,3.93,1.85,3.9,3.6,1.87,4,3.6,1.91,4,4,1.88,3.86,3.75,1.57,2.38,1.6,2.45,1.6,2.48,1.56,2.39,-0.5,1.88,1.98,1.91,2,1.91,2,1.87,1.92,1.8,4,4,1.8,3.9,3.8,,,,1.82,4.09,4.14,1.8,4,3.9,1.8,4,3.9,1.91,4.1,4.5,1.82,3.95,3.94,1.5,2.63,1.52,2.63,1.56,2.7,1.51,2.52,-0.5,1.8,2,1.82,2.08,1.88,2.12,1.82,1.99
SC0,11/05/2024,15:00,Hearts,Dundee,3,0,H,1,0,H,N Walsh,16,15,8,4,8,8,2,5,0,3,0,0,1.67,4,4.75,1.66,3.9,4.6,,,,1.7,4.24,4.67,1.65,4,4.6,1.67,4,4.75,1.71,4.24,5,1.67,4.02,4.69,1.73,2.1,1.72,2.21,1.73,2.21,1.69,2.13,-0.75,1.88,1.98,1.9,2,1.9,2,1.84,1.95,1.57,4.33,5,1.6,4.2,4.8,,,,1.62,4.52,5.07,1.62,4.2,4.6,1.62,4.33,4.75,1.7,4.52,5.15,1.62,4.26,4.83,1.57,2.38,1.59,2.46,1.68,2.46,1.57,2.35,-0.75,1.75,2.05,1.77,2.15,1.92,2.15,1.77,2.04
SC0,11/05/2024,15:00,Livingston,St Johnstone,2,1,H,0,1,A,J Beaton,15,25,8,7,12,9,4,8,2,1,0,0,2.9,2.88,2.7,2.65,3.1,2.65,,,,3,3.14,2.63,2.7,3.2,2.6,2.8,3.2,2.55,3,3.2,2.75,2.83,3.07,2.63,2.3,1.62,2.41,1.62,2.41,1.62,2.31,1.59,0,2.03,1.83,2.09,1.83,2.09,1.91,1.98,1.83,2.8,3.2,2.63,2.8,3.1,2.5,,,,2.91,3.18,2.67,2.9,3.1,2.45,2.8,3.2,2.55,3.05,3.25,2.69,2.87,3.13,2.56,2.1,1.73,2.22,1.71,2.38,1.73,2.18,1.66,0,2.03,1.83,2.04,1.87,2.16,1.87,2.05,1.8
SC0,11/05/2024,15:00,Ross County,Motherwell,1,5,A,1,2,A,K Clancy,14,14,2,7,14,4,8,5,3,2,0,0,2.3,3.3,3.1,2.35,3.4,2.8,,,,2.34,3.64,3.02,2.3,3.5,2.88,2.3,3.6,2.9,2.38,3.64,3.1,2.31,3.48,2.94,1.83,2.03,1.83,2.05,1.83,2.05,1.79,1.99,-0.25,2,1.85,2.04,1.87,2.04,1.87,1.97,1.82,2.15,3.5,3.3,2.2,3.4,3,,,,2.17,3.6,3.39,2.2,3.5,3,2.2,3.5,3.13,2.34,3.6,3.39,2.21,3.48,3.15,1.88,1.98,1.87,2.02,1.97,2.05,1.83,1.95,-0.25,1.85,2,1.88,2.02,2.04,2.02,1.91,1.9
SC0,11/05/2024,15:00,St Mirren,Kilmarnock,0,1,A,0,1,A,E Anderson,10,15,2,4,10,13,8,5,0,2,0,0,2.7,3,2.8,2.6,3.1,2.7,,,,2.78,3.04,2.91,2.6,3.2,2.7,2.63,3.2,2.75,2.78,3.2,2.91,2.67,3.06,2.77,2.3,1.62,2.38,1.62,2.38,1.62,2.29,1.6,0,1.88,1.98,1.91,2,1.91,2,1.86,1.94,2.4,3,3.2,2.37,3,3.1,,,,2.46,3.04,3.37,2.4,2.9,3.2,2.38,3.1,3.13,2.78,3.1,3.37,2.44,3,3.16,2.38,1.57,2.43,1.61,2.45,1.63,2.34,1.57,-0.25,2.03,1.83,2.08,1.84,2.35,1.85,2.06,1.77
SC0,12/05/2024,15:00,Hibernian,Aberdeen,0,4,A,0,2,A,G Irvine,16,16,4,4,13,5,8,3,2,1,0,0,2,3.5,3.6,2.05,3.6,3.25,,,,2.06,3.68,3.61,2.05,3.6,3.25,2,3.7,3.3,2.1,3.7,3.61,2.04,3.58,3.39,1.73,2.1,1.79,2.11,1.8,2.11,1.73,2.05,-0.5,2.03,1.83,2.07,1.85,2.1,1.85,2.03,1.79,2,3.6,3.5,2,3.6,3.3,,,,2.05,3.79,3.55,2,3.7,3.3,2,3.75,3.4,2.06,3.8,3.59,2.01,3.69,3.43,1.62,2.3,1.63,2.37,1.63,2.39,1.59,2.3,-0.5,2.03,1.83,2.06,1.86,2.06,1.86,2,1.81
SP1,10/05/2024,20:00,Alaves,Girona,2,2,D,1,2,A,,14,15,8,5,13,6,5,3,3,2,0,0,3.5,3.6,2.05,3.3,3.5,2.1,,,,3.57,3.63,2.12,3.4,3.6,2.05,3.5,3.6,2.05,3.62,3.7,2.15,3.48,3.57,2.11,1.8,2,1.83,2.08,1.88,2.11,1.8,2.04,0.25,2.05,1.75,2.1,1.84,2.13,1.84,2.03,1.8,3.1,3.5,2.25,3.1,3.5,2.25,,,,3.19,3.65,2.27,3.1,3.6,2.2,3.1,3.7,2.2,3.35,3.7,2.31,3.16,3.58,2.25,1.73,2.1,1.76,2.17,1.78,2.2,1.74,2.13,0.25,1.92,1.98,1.94,1.98,1.98,2,1.91,1.93
SP1,11/05/2024,13:00,Mallorca,Las Palmas,1,0,H,1,0,H,,7,7,2,1,18,10,2,2,6,2,0,0,1.65,3.5,6.5,1.65,3.3,6.25,,,,1.62,3.32,7.34,1.62,3.5,6.5,1.65,3.6,6,1.73,3.6,7.8,1.66,3.46,6.65,2.63,1.5,2.53,1.53,2.63,1.59,2.53,1.53,-0.75,1.87,2.03,1.83,2.04,1.92,2.05,1.84,2,1.62,3.6,6.5,1.62,3.5,6.25,,,,1.64,3.53,7.2,1.65,3.5,6,1.62,3.6,6.5,1.7,3.67,7.2,1.65,3.53,6.57,2.5,1.53,2.55,1.56,2.6,1.58,2.49,1.55,-0.75,1.85,2.08,1.85,2.09,1.94,2.09,1.84,2.01
SP1,11/05/2024,15:15,Villarreal,Sevilla,3,2,H,1,2,A,,25,8,7,4,12,14,10,1,3,5,0,0,1.83,4,3.8,1.88,3.9,3.75,,,,1.84,3.94,3.91,1.85,3.9,3.75,1.87,3.8,4,1.91,4.16,4,1.87,3.94,3.9,1.57,2.38,1.58,2.4,1.64,2.5,1.59,2.4,-0.5,1.86,2.04,1.85,2.01,1.91,2.05,1.86,1.99,1.95,3.8,3.5,1.95,3.7,3.6,,,,2.02,3.88,3.64,1.95,3.8,3.5,2,3.8,3.5,2.09,4.05,3.98,2.01,3.8,3.55,1.62,2.3,1.65,2.37,1.65,2.44,1.61,2.35,-0.5,2.02,1.91,2.03,1.9,2.06,2.04,2,1.87
SP1,11/05/2024,17:30,Granada,Real Madrid,0,4,A,0,2,A,,12,13,1,7,11,10,8,5,2,0,0,0,5.5,4.6,1.53,6,4.4,1.52,,,,5.32,4.58,1.54,6,4.5,1.5,5.75,4.4,1.53,6.27,4.8,1.58,5.8,4.57,1.53,1.67,2.2,1.65,2.25,1.69,2.35,1.63,2.26,1,2.03,1.87,1.99,1.86,2.05,1.9,2,1.84,5.5,4.75,1.55,5.5,4.4,1.55,,,,5.77,4.6,1.56,5.5,4.4,1.53,5.25,4.5,1.57,6,4.82,1.67,5.6,4.48,1.56,1.62,2.3,1.65,2.34,1.76,2.38,1.63,2.3,1,2,1.93,1.99,1.93,2.03,2.19,1.94,1.93
SP1,11/05/2024,20:00,Ath Bilbao,Osasuna,2,2,D,0,1,A,,15,13,6,3,9,14,8,6,2,4,0,0,1.44,4.33,7.5,1.47,4.33,7,,,,1.45,4.29,7.49,1.44,4.33,7.5,1.45,4.33,7.5,1.51,4.6,8.1,1.47,4.38,7.53,1.99,1.91,1.96,1.88,2,1.96,1.94,1.88,-1.25,2.09,1.81,2.09,1.76,2.13,1.83,2.07,1.78,1.4,4.5,8.5,1.4,4.5,8.5,,,,1.41,4.57,9.39,1.4,4.6,8,1.4,4.6,8.5,1.46,4.75,9.39,1.41,4.55,8.57,2,1.9,2.01,1.9,2.01,1.97,1.92,1.91,-1.25,1.98,1.95,1.99,1.93,2.11,1.97,1.95,1.89
SP1,12/05/2024,13:00,Cadiz,Getafe,1,0,H,1,0,H,,13,10,6,4,23,16,6,2,5,2,0,0,2.1,3.2,3.8,2.1,3.1,3.9,,,,2.1,3.28,3.71,2.05,3.2,3.8,2.1,3.1,3.9,2.19,3.4,4,2.11,3.21,3.86,2.5,1.53,2.58,1.51,2.63,1.59,2.56,1.52,-0.25,1.81,2.09,1.81,2.06,1.86,2.11,1.78,2.06,2.05,3.25,4,2.05,3.1,3.9,,,,2.13,3.22,4.03,2.1,3.2,3.7,2.1,3.2,3.9,2.21,3.34,4.03,2.11,3.19,3.85,2.5,1.53,2.61,1.55,2.61,1.6,2.47,1.55,-0.25,1.75,2.05,1.81,2.13,1.84,2.16,1.79,2.05
SP1,12/05/2024,15:15,Ath Madrid,Celta,1,0,H,0,0,D,,21,6,8,2,7,9,4,7,1,1,0,0,1.42,4.75,7,1.44,4.75,6.75,,,,1.43,4.22,8.29,1.44,4.75,7,1.44,4.75,7,1.49,5,8.8,1.44,4.64,7.42,1.62,2.3,1.61,2.33,1.64,2.46,1.59,2.37,-1.25,1.99,1.91,1.96,1.89,2,1.96,1.93,1.88,1.4,4.5,8,1.41,4.75,7.25,,,,1.39,5.09,8.63,1.4,5,7.5,1.36,5,8,1.43,5.1,8.7,1.4,4.92,7.92,1.57,2.38,1.6,2.46,1.61,2.5,1.57,2.43,-1.25,1.89,2.04,1.9,2.03,1.92,2.05,1.86,1.97
SP1,12/05/2024,17:30,Valencia,Vallecano,0,0,D,0,0,D,,13,12,5,1,14,21,6,3,1,2,0,0,2.25,3.1,3.5,2.3,3.1,3.4,,,,2.27,3,3.63,2.2,3.1,3.5,2.25,3.1,3.5,2.33,3.18,3.75,2.28,3.08,3.55,2.5,1.53,2.59,1.51,2.65,1.57,2.54,1.52,-0.25,1.95,1.95,1.92,1.93,1.96,1.99,1.9,1.91,2.25,3.1,3.5,2.25,3.1,3.5,,,,2.28,3.11,3.73,2.2,3.1,3.5,2.25,3.1,3.5,2.31,3.17,3.8,2.27,3.09,3.58,2.63,1.5,2.65,1.53,2.7,1.56,2.57,1.52,-0.25,1.95,1.98,1.93,1.99,1.96,1.99,1.9,1.93
SP1,12/05/2024,20:00,Betis,Almeria,3,2,H,2,1,H,,14,14,7,7,9,10,3,5,0,2,0,0,1.33,5.5,8.5,1.37,5.25,7.5,,,,1.35,5.27,8.02,1.33,5.5,8.5,1.33,5.25,9,1.4,5.7,9,1.35,5.39,8.26,1.53,2.5,1.52,2.54,1.55,2.63,1.52,2.52,-1.5,2.01,1.89,2,1.85,2.07,1.9,1.99,1.85,1.4,5.25,6.5,1.4,5,7,,,,1.37,5.5,8.25,1.36,5,7,1.4,5,7.5,1.44,5.7,8.5,1.39,5.2,7.53,1.53,2.5,1.54,2.62,1.56,2.63,1.52,2.53,-1.25,1.89,2.04,1.83,2.09,1.89,2.11,1.83,2.01
SP1,13/05/2024,20:00,Barcelona,Sociedad,2,0,H,1,0,H,,14,10,5,3,12,14,6,2,2,3,0,0,1.8,3.6,4.5,1.85,3.6,4.2,,,,1.79,3.74,4.39,1.8,3.75,4.33,1.75,3.6,4.1,1.85,3.91,4.6,1.82,3.72,4.35,1.95,1.95,1.9,1.93,1.98,1.96,1.91,1.9,-0.5,1.83,2.07,1.79,2.06,1.85,2.09,1.81,2.04,1.7,3.8,5,1.7,3.9,4.75,,,,1.73,3.97,4.98,1.67,3.9,4.8,1.7,4,4.8,1.78,4,5.37,1.71,3.88,4.88,1.73,2.1,1.82,2.07,1.83,2.17,1.77,2.06,-0.75,1.94,1.99,1.95,1.97,1.96,2.02,1.89,1.94
SP2,10/05/2024,19:30,Burgos,Eldense,1,2,A,1,2,A,,20,12,6,5,8,16,7,4,2,4,0,0,1.83,3.5,4.33,1.8,3.25,4.2,,,,1.85,3.51,4.71,,,,1.83,3.4,4.5,1.9,3.54,4.71,1.83,3.39,4.41,2.15,1.67,2.26,1.69,2.28,1.69,2.2,1.65,-0.5,1.83,2.03,1.87,2.05,1.89,2.05,1.81,1.98,1.75,3.6,4.75,1.75,3.4,4.33,,,,1.79,3.65,4.9,,,,1.75,3.5,4.8,1.82,3.65,5.2,1.77,3.48,4.65,2.1,1.7,2.17,1.75,2.26,1.77,2.13,1.7,-0.75,2.03,1.83,2.05,1.86,2.12,1.86,2.02,1.8
SP2,11/05/2024,13:00,Santander,Mirandes,1,0,H,1,0,H,,21,7,7,0,13,11,10,3,3,4,0,0,1.8,3.6,4.33,1.8,3.5,4,,,,1.83,3.58,4.2,,,,1.85,3.5,4.2,1.88,3.72,4.33,1.83,3.56,4.12,1.93,1.93,1.9,1.9,1.95,1.93,1.89,1.87,-0.5,1.85,2,1.83,1.99,1.91,2.01,1.82,1.97,1.91,3.6,3.8,1.85,3.5,3.7,,,,1.93,3.7,4.06,,,,1.87,3.6,4,1.96,3.71,4.24,1.89,3.58,3.87,1.8,2.05,1.85,2.05,1.97,2.06,1.79,2,-0.5,1.93,1.93,1.93,1.97,1.97,2.06,1.87,1.93
SP2,11/05/2024,15:15,Ferrol,Alcorcon,2,1,H,0,0,D,,20,12,7,3,16,11,5,2,0,0,0,1,1.91,3.1,4.5,1.88,3.1,4.1,,,,1.91,3.02,4.79,,,,1.93,3.1,4.5,2,3.3,5,1.91,3.09,4.48,2.6,1.48,2.59,1.49,2.63,1.52,2.53,1.49,-0.5,1.93,1.93,1.92,1.9,1.97,1.93,1.89,1.89,2.15,2.88,3.8,2.1,2.85,3.6,,,,2.18,3,4.12,,,,2.15,3,3.8,2.28,3.15,4.79,2.14,2.94,3.85,2.7,1.44,2.86,1.46,2.91,1.48,2.7,1.44,-0.25,1.83,2.03,1.84,2.08,1.9,2.36,1.79,2.03
SP2,11/05/2024,15:15,Sp Gijon,Andorra,5,2,H,2,1,H,,14,16,9,4,13,12,3,2,1,1,0,0,2,3.3,3.9,2.05,3.1,3.5,,,,1.98,3.34,3.86,,,,2.05,3.2,3.75,2.12,3.45,3.93,2.03,3.28,3.68,2.15,1.67,2.17,1.68,2.25,1.7,2.18,1.66,-0.5,2.03,1.83,1.99,1.83,2.12,1.84,2,1.79,1.85,3.5,4.2,1.82,3.3,4,,,,1.93,3.56,4.28,,,,1.85,3.4,4.33,2.09,3.63,4.5,1.86,3.45,4.17,2.08,1.73,2.13,1.78,2.26,1.82,2.06,1.75,-0.5,1.88,1.98,1.93,1.97,2.09,2.04,1.87,1.94
SP2,11/05/2024,17:30,Valladolid,Espanol,0,0,D,0,0,D,,15,4,2,1,13,19,3,4,4,8,0,1,2.1,3.1,3.75,2.1,3.1,3.4,,,,2.17,3.09,3.63,,,,2.15,3.1,3.6,2.21,3.25,3.75,2.14,3.1,3.56,2.35,1.57,2.37,1.58,2.41,1.6,2.35,1.57,-0.25,1.85,2,1.85,1.98,1.89,2,1.82,1.96,2.1,3.2,3.75,2.05,3,3.5,,,,2.13,3.14,4.07,,,,2.05,3.2,3.7,2.18,3.2,4.07,2.1,3.1,3.7,2.25,1.62,2.34,1.65,2.4,1.66,2.27,1.61,-0.25,1.8,2.05,1.81,2.12,1.88,2.12,1.78,2.04
SP2,11/05/2024,20:00,Levante,Eibar,2,2,D,1,1,D,,18,9,5,2,9,15,6,5,3,3,0,1,2.6,3.2,2.75,2.5,3.1,2.65,,,,2.71,2.96,2.84,,,,2.63,3.1,2.75,2.76,3.25,2.91,2.61,3.07,2.77,2,1.85,1.96,1.85,2.05,1.86,1.96,1.82,0,1.88,1.98,1.86,1.96,1.89,2,1.84,1.96,2.8,3.4,2.45,2.7,3.25,2.37,,,,2.88,3.51,2.49,,,,2.75,3.4,2.45,2.89,3.51,2.83,2.78,3.34,2.46,1.7,2.1,1.71,2.22,2,2.26,1.71,2.12,0,2.05,1.8,2.11,1.82,2.13,2,2.02,1.83
SP2,12/05/2024,13:00,Amorebieta,Villarreal B,2,0,H,0,0,D,,12,11,4,4,16,12,2,7,1,2,0,1,2.4,3.25,2.9,2.3,3.1,2.87,,,,2.41,3.23,2.98,,,,2.4,3.1,3,2.44,3.33,3.15,2.37,3.19,2.97,2.08,1.73,2.06,1.75,2.13,1.78,2.07,1.73,-0.25,2.1,1.78,2.07,1.77,2.13,1.84,2.02,1.77,2.38,3.4,2.9,2.37,3.2,2.75,,,,2.48,3.35,3.02,,,,2.45,3.25,2.88,2.56,3.45,3.02,2.44,3.25,2.85,1.93,1.93,1.98,1.9,2.02,1.94,1.95,1.83,-0.25,2.1,1.78,2.13,1.8,2.16,1.8,2.1,1.73
SP2,12/05/2024,15:15,Oviedo,Zaragoza,1,0,H,0,0,D,,15,8,4,4,11,9,4,13,1,5,0,1,1.73,3.4,5.25,1.72,3.25,4.8,,,,1.69,3.45,5.41,,,,1.7,3.25,5.5,1.75,3.58,5.7,1.71,3.37,5.15,2.5,1.5,2.51,1.52,2.63,1.54,2.5,1.5,-0.75,2,1.85,1.93,1.88,2.05,1.88,1.95,1.82,2,3.25,3.8,1.95,3.1,3.7,,,,2.04,3.19,4.31,,,,1.9,3.4,4.1,2.11,3.4,4.7,1.95,3.23,4.09,2.25,1.62,2.34,1.65,2.36,1.68,2.24,1.63,-0.5,2.03,1.83,2.05,1.86,2.11,1.93,1.93,1.86
SP2,12/05/2024,17:30,Albacete,Leganes,1,0,H,1,0,H,,9,15,2,3,9,13,3,7,1,3,0,0,2.55,2.9,3.1,2.35,3,2.95,,,,2.52,2.89,3.14,,,,2.5,2.9,3,2.56,3.13,3.25,2.47,2.92,3.05,2.6,1.48,2.59,1.49,2.63,1.53,2.53,1.49,0,1.78,2.1,1.71,2.14,1.8,2.17,1.72,2.11,2.5,2.7,3.3,2.45,2.75,3,,,,2.58,2.91,3.31,,,,2.5,2.88,3.13,2.63,2.91,3.31,2.5,2.82,3.16,2.6,1.48,2.69,1.51,2.74,1.52,2.57,1.49,-0.25,2.1,1.78,2.17,1.78,2.17,1.81,2.09,1.74
SP2,12/05/2024,17:30,Cartagena,Tenerife,2,0,H,2,0,H,,9,17,4,4,7,15,2,5,0,3,0,0,2.7,2.9,2.9,2.6,2.8,2.75,,,,2.78,2.74,2.99,,,,2.63,2.88,2.88,2.83,2.96,3.08,2.67,2.83,2.89,2.7,1.44,2.75,1.44,2.75,1.48,2.63,1.45,0,1.83,2.03,1.84,1.98,1.86,2.03,1.83,1.98,2.4,2.9,3.2,2.35,2.75,3.2,,,,2.51,2.91,3.44,,,,2.5,2.9,3.13,2.7,2.94,3.44,2.53,2.81,3.13,2.7,1.44,2.84,1.47,2.84,1.47,2.7,1.44,-0.25,2.05,1.8,2.1,1.82,2.25,1.82,2.12,1.72
SP2,12/05/2024,20:00,Elche,Huesca,0,3,A,0,2,A,,21,7,4,3,11,10,3,2,1,3,0,0,1.62,3.6,6,1.6,3.5,5.5,,,,1.59,3.65,6.06,,,,1.6,3.5,6,1.65,3.81,6.3,1.61,3.59,5.78,2.35,1.57,2.33,1.58,2.38,1.59,2.33,1.56,-0.75,1.8,2.05,1.78,2.06,1.82,2.07,1.78,1.99,1.57,3.75,6.5,1.58,3.5,5.75,,,,1.6,3.7,7.11,,,,1.57,3.6,6.5,1.65,3.75,7.11,1.59,3.57,6.32,2.3,1.6,2.39,1.63,2.4,1.63,2.32,1.59,-0.75,1.73,2.08,1.78,2.15,1.83,2.15,1.76,2.05
T1,12/05/2024,17:00,Ad. Demirspor,Gaziantep,1,6,A,1,3,A,,6,15,4,9,8,13,0,2,4,3,1,0,2.1,3.6,3.25,2,3.7,3.25,,,,2.16,3.71,3.31,2.05,3.6,3.25,2.05,3.5,3.13,2.16,3.77,3.45,2.07,3.61,3.27,1.73,2.08,1.78,2.13,1.78,2.17,1.73,2.09,-0.25,1.85,2,1.89,2.02,1.89,2.1,1.8,2,2.38,3.8,2.7,2.3,3.6,2.7,,,,2.45,3.73,2.8,2.38,3.6,2.7,2.3,3.6,2.6,2.49,3.87,2.83,2.36,3.63,2.71,1.53,2.4,1.56,2.54,1.56,2.55,1.53,2.45,-0.25,2.05,1.75,2.14,1.78,2.14,1.93,2.04,1.79
T1,12/05/2024,17:00,Alanyaspor,Besiktas,1,1,D,0,0,D,,18,8,5,2,14,11,3,1,1,3,0,0,2.55,3.5,2.6,2.55,3.5,2.5,,,,2.68,3.52,2.66,2.6,3.6,2.5,2.5,3.4,2.5,2.68,3.68,2.66,2.58,3.46,2.56,1.73,2.08,1.81,2.08,1.81,2.16,1.74,2.07,0,1.9,1.95,1.96,1.94,1.96,1.95,1.92,1.91,2.75,3.75,2.3,2.75,3.6,2.3,,,,2.88,3.77,2.37,2.7,3.75,2.3,2.7,3.6,2.25,2.91,3.85,2.4,2.75,3.64,2.32,1.62,2.25,1.63,2.4,1.66,2.5,1.58,2.34,0.25,1.8,2.05,1.84,2.08,1.85,2.1,1.8,2.04
T1,12/05/2024,17:00,Fenerbahce,Kayserispor,3,0,H,2,0,H,,25,10,15,3,12,11,7,3,1,4,0,0,1.18,7.5,12,1.17,7.75,13,,,,1.18,8.43,13.47,1.15,8,13,1.14,7,13,1.2,8.8,15,1.16,7.8,13.03,1.3,3.5,1.31,3.56,1.33,3.56,1.3,3.36,-2.25,2,1.85,2.07,1.81,2.07,1.92,1.98,1.82,1.17,7.5,15,1.17,8,13,,,,1.15,8.93,15.99,1.15,8,13,1.13,7.5,13,1.19,8.93,16.5,1.15,7.8,14.01,1.3,3.5,1.3,3.62,1.35,3.62,1.31,3.37,-2.25,2.03,1.83,1.99,1.89,2.03,1.92,1.97,1.85
T1,12/05/2024,17:00,Hatayspor,Ankaragucu,2,1,H,0,0,D,,16,12,5,5,10,5,2,6,6,2,0,0,2.45,3.4,2.75,2.4,3.5,2.7,,,,2.54,3.47,2.85,2.4,3.5,2.7,2.4,3.3,2.7,2.55,3.6,2.85,2.46,3.4,2.73,1.88,1.98,1.92,1.97,1.92,2,1.86,1.91,0,1.83,2.03,1.85,2.07,1.86,2.07,1.82,2.01,2.55,3.4,2.63,2.45,3.3,2.7,,,,2.66,3.28,2.85,2.4,3.5,2.7,2.45,3.3,2.6,2.66,3.5,2.85,2.52,3.32,2.72,1.88,1.98,1.91,1.98,2.06,1.99,1.87,1.92,0,1.85,2,1.88,2.02,1.89,2.03,1.85,2
T1,12/05/2024,17:00,Karagumruk,Galatasaray,2,3,A,1,1,D,,15,25,5,6,11,9,5,10,0,0,0,0,6.5,4.5,1.45,5.5,4.6,1.49,,,,7.06,4.71,1.46,6,4.75,1.44,6,4.6,1.4,7.06,4.94,1.5,6.26,4.61,1.45,1.5,2.5,1.55,2.58,1.55,2.63,1.5,2.5,1.25,1.88,1.98,1.89,2.01,1.89,2.1,1.84,1.97,6.5,4.75,1.44,6.25,4.8,1.43,,,,6.9,5.02,1.44,6.5,5,1.4,6.5,4.75,1.36,6.9,5.1,1.46,6.49,4.85,1.42,1.44,2.7,1.46,2.82,1.48,3,1.44,2.72,1.25,1.93,1.93,1.96,1.94,2.01,1.94,1.93,1.89
T1,12/05/2024,17:00,Kasimpasa,Antalyaspor,3,1,H,2,0,H,,14,9,8,1,21,6,4,5,1,1,0,1,2,3.75,3.4,2,3.7,3.3,,,,2.06,3.75,3.55,1.95,3.75,3.4,2,3.6,3.2,2.07,3.99,3.55,2.01,3.7,3.34,1.53,2.4,1.57,2.51,1.62,2.51,1.55,2.41,-0.5,2.03,1.83,2.07,1.85,2.1,1.85,2.03,1.81,1.75,4,4,1.72,3.9,4.2,,,,1.79,4.01,4.41,1.7,4.2,4.2,1.7,3.9,4,1.79,4.2,4.75,1.74,3.95,4.21,1.5,2.5,1.52,2.63,1.53,2.63,1.5,2.53,-0.75,1.98,1.88,2.01,1.9,2.02,1.94,1.95,1.88
T1,12/05/2024,17:00,Konyaspor,Samsunspor,3,0,H,3,0,H,,9,5,6,1,14,17,5,6,2,3,0,0,2.2,3.2,3.3,2.25,3.2,3.2,,,,2.29,3.23,3.48,2.2,3.2,3.3,2.15,3.1,3.2,2.38,3.29,3.5,2.24,3.17,3.29,2.25,1.62,2.35,1.64,2.35,1.68,2.27,1.6,-0.25,1.93,1.93,1.96,1.94,2.05,1.96,1.92,1.89,2.05,3.5,3.6,2.05,3.25,3.5,,,,2.09,3.4,3.83,2.05,3.3,3.6,2,3.25,3.5,2.27,3.5,3.83,2.11,3.27,3.52,2.03,1.83,2.07,1.83,2.32,1.83,2.11,1.73,-0.25,1.75,2.05,1.79,2.12,1.88,2.13,1.8,2.02
T1,12/05/2024,17:00,Pendikspor,Rizespor,2,1,H,0,1,A,,15,14,6,4,14,15,7,3,3,5,0,0,1.95,3.8,3.4,1.98,3.7,3.3,,,,2.03,3.9,3.49,1.95,3.8,3.4,1.95,3.6,3.3,2.04,3.95,3.55,1.97,3.8,3.37,1.6,2.3,1.64,2.37,1.65,2.39,1.59,2.31,-0.5,2,1.85,2.04,1.87,2.04,1.9,1.98,1.84,1.73,4.33,4,1.71,4.2,4,,,,1.75,4.32,4.3,1.73,4.2,3.9,1.7,4,3.9,1.91,4.43,4.3,1.77,4.15,3.9,1.44,2.7,1.45,2.86,1.47,2.86,1.44,2.74,-0.75,1.9,1.95,1.94,1.96,2.1,1.98,1.96,1.87
T1,12/05/2024,17:00,Sivasspor,Buyuksehyr,0,1,A,0,1,A,,10,9,2,5,8,14,10,3,2,2,1,0,3.4,3.4,2.1,3.1,3.4,2.2,,,,3.49,3.4,2.21,3.3,3.3,2.15,3.2,3.25,2.1,3.51,3.45,2.24,3.3,3.33,2.16,2.05,1.8,2.07,1.83,2.07,1.85,2,1.79,0.25,1.98,1.88,2,1.9,2,1.94,1.93,1.86,3.2,3.4,2.15,3.1,3.3,2.2,,,,3.39,3.36,2.27,3.2,3.3,2.2,3.2,3.25,2.1,3.41,3.52,2.32,3.2,3.31,2.22,2,1.85,2.06,1.84,2.1,1.88,2,1.8,0.25,1.95,1.9,1.95,1.95,2,1.95,1.91,1.91
T1,12/05/2024,17:00,Trabzonspor,Istanbulspor,3,0,H,2,0,H,,12,14,5,4,9,7,7,12,0,0,0,0,1.18,7.5,12,1.17,7.75,13.5,,,,1.17,7.99,15.96,1.14,8,15,1.14,7,13,1.18,8.45,17,1.16,7.54,14.13,1.4,2.88,1.44,2.87,1.44,3.1,1.38,2.91,-2,1.83,2.03,1.85,2.05,1.86,2.05,1.81,2,1.18,8,11,1.18,7.75,11.5,,,,1.17,8.37,15.54,1.15,8,13,1.15,7,11.5,1.21,8.6,15.54,1.17,7.76,12.58,1.25,4,1.29,3.71,1.29,4,1.26,3.75,-2.25,2,1.85,2.02,1.87,2.05,1.89,1.98,1.84
